Shipment_ID,Departure_Date,Route_Type,Product_Category,Cargo_Type,Customer_Name,Customer_Region,Customer_Since,Cargo_Weight_Tons,Cargo_Value_USD,Contracted_Freight_Revenue_USD,Planned_Transit_Days,Actual_Transit_Days,Delay_Days,Freight_Cost_USD,Fuel_Cost_USD,Insurance_Cost_USD,Penalty_Cost_USD,Total_Cost_to_Serve_USD,Revenue_Recognized_USD,Gross_Margin_USD,Gross_Margin_Pct,DIFOT_Met,Cost_per_Ton_USD,Revenue_per_Ton_USD,Route_Margin_Sensitivity_USD,Customer_Concentration_Risk_Pct,War_Risk_Insurance_Burden_Pct,Delay_Cost_Attribution_Pct
SGL-1040,2026-01-27,Direct (Pre-Blockade),Industrial Machinery,Container (TEU),Falcon Heavy Equipment,Middle East,2016,23.0,77593.18,12405.98,11,12.0,1,4509.95,5512.16,310.37,310.37,10642.85,12405.98,1763.13,0.1421,Y,462.7326086956522,539.3904347826086,2075.60993150685,0.2422853887759123,0.3999964945372776,2.916230145120903
SGL-1042,2026-01-27,Direct (Pre-Blockade),Crude Oil,Bulk Liquid (VLCC),Meridian Energy Partners,Europe,2014,283499.0,17755861.3,2430825.64,9,10.0,1,891694.79,1089849.19,71023.45,71023.45,2123590.88,2430825.64,307234.76,0.1264,Y,7.490646810041658,8.574371126529547,62435.51479724619,57.57866386205549,0.4000000270333267,3.344497787634123
SGL-1056,2026-02-01,Air Bridge,Pharmaceuticals,Container (TEU),Carrow Life Sciences,Europe,2020,6.9,77558.81,12355.65,1,1.0,0,17302.33,21147.29,232.68,0.0,38682.3,12355.65,-26326.65,-2.1307,Y,5606.130434782609,1790.673913043478,31395.51,0.1714280047127706,0.3000046029587097,0.0
SGL-1166,2026-03-02,Held in Gulf,Industrial Machinery,Container (TEU),Falcon Heavy Equipment,Middle East,2016,21.9,56158.26,8414.46,10,,20,168.47,2088.0,1111.93,6738.99,10107.39,0.0,-10107.39,-1.2012,N,461.5246575342466,384.2219178082192,1949.8875,0.2422853887759123,1.979993682140437,66.67388910490246
SGL-1230,2026-03-19,Overland Truck,Pharmaceuticals,Container (TEU),Vantage Pharma Logistics,North America,2015,10.5,75413.47,11854.07,4,5.0,1,2484.46,3036.57,829.55,301.65,6652.23,11854.07,5201.84,0.4388,Y,633.5457142857142,1128.959047619048,-4436.36347826087,0.2132852204645197,1.100002426622193,4.534569610491519
SGL-1070,2026-02-05,Cape of Good Hope,Refined Petrochemicals,Bulk Liquid (Chem Tanker),Nordholm Refining Group,Europe,2016,78464.6,8750754.24,632292.41,27,30.0,3,471054.85,575733.7,96258.3,105009.05,1248055.9,632292.41,-615763.49,-0.9739,N,15.90597415904752,8.058314322637214,681208.1496213607,5.401738493239028,1.10000003839669,8.41380983015264
SGL-1173,2026-03-04,Held in Gulf,Crude Oil,Bulk Liquid (VLCC),Zenith Crude Traders,East Asia,2011,289710.8,17965895.22,2455160.33,10,,18,53897.69,285654.84,355724.73,1940316.68,2635593.94,0.0,-2635593.94,-1.0735,N,9.097327196638854,8.474521246705336,529276.2112701562,19.77634304870126,1.980000025848976,73.61971245084892
SGL-1121,2026-02-18,Cape of Good Hope,Industrial Machinery,Container (TEU),Falcon Heavy Equipment,Middle East,2016,20.0,62096.37,8775.93,28,32.0,4,5786.77,7072.72,956.28,993.54,14809.31,8775.93,-6033.38,-0.6875,N,740.4655,438.7965,7359.536027397261,0.2422853887759123,1.53999340058042,6.708887855004724
SGL-1061,2026-02-03,Held in Gulf,Industrial Machinery,Container (TEU),Deccan Industrial Works,South Asia,2012,29.4,67620.66,13647.49,10,,47,202.86,2700.0,743.83,19069.03,22715.72,0.0,-22715.72,-1.6645,N,772.6435374149661,464.2003401360544,11764.55226027397,0.2623189595683266,1.100004052016055,83.94640363589619
SGL-1183,2026-03-07,Cape of Good Hope,Crude Oil,Bulk Liquid (VLCC),Meridian Energy Partners,Europe,2014,304079.7,20425981.0,2636677.47,34,37.0,3,1968605.25,2406073.08,404434.42,245111.77,5024224.52,2636677.47,-2387547.05,-0.9055,N,16.5227225625387,8.671007864056694,2813438.926032317,57.57866386205549,1.979999981396242,4.87859905591958
SGL-1037,2026-01-24,Direct (Pre-Blockade),High-Tech Components,Container (TEU),Atlas Components Inc.,North America,2018,11.8,89411.55,9117.33,11,11.0,0,3306.72,4041.54,357.65,0.0,7705.91,9117.33,1411.42,0.1548,Y,653.043220338983,772.6550847457627,-1870.572653061224,0.09528753274387475,0.4000042500102056,0.0
SGL-1233,2026-03-20,Overland Truck,Consumer Goods,Container (TEU),Harborline Consumer Co.,North America,2013,21.5,19573.86,6119.17,3,4.0,1,4324.21,5285.15,215.31,78.3,9902.97,6119.17,-3783.8,-0.6184,Y,460.6032558139535,284.6125581395349,2851.821623376623,0.07379423102572716,1.099987432218275,0.7906718893422883
SGL-1023,2026-01-16,Direct (Pre-Blockade),High-Tech Components,Container (TEU),Novastar Electronics,Europe,2022,9.4,86759.85,10860.37,9,9.0,0,3549.15,4337.84,347.04,0.0,8234.03,10860.37,2626.34,0.2418,Y,875.9606382978724,1155.358510638298,605.306530612246,0.1092021715406442,0.4000006915641279,0.0
SGL-1164,2026-03-01,Overland Truck,Pharmaceuticals,Container (TEU),Carrow Life Sciences,Europe,2020,7.3,79011.48,12780.54,4,4.0,0,2509.75,3067.47,711.1,0.0,6288.32,12780.54,6492.22,0.508,Y,861.413698630137,1750.758904109589,-1420.892608695652,0.1714280047127706,0.8999957980789628,0.0
SGL-1027,2026-01-18,Direct (Pre-Blockade),Refined Petrochemicals,Bulk Liquid (Chem Tanker),Nordholm Refining Group,Europe,2016,69626.6,6746965.28,628227.79,12,11.0,0,219190.53,267899.53,26987.86,0.0,514077.92,628227.79,114149.87,0.1817,Y,7.383355211944859,9.022812976649728,11078.07578345698,5.401738493239028,0.3999999833999442,0.0
SGL-1131,2026-02-21,Cape of Good Hope,Industrial Machinery,Container (TEU),Deccan Industrial Works,South Asia,2012,27.6,83288.97,11695.55,30,33.0,3,8227.38,10055.69,1282.65,999.47,20565.19,11695.55,-8869.64,-0.7584,N,745.1155797101449,423.7518115942029,10284.50191780822,0.2623189595683266,1.539999834311794,4.860008587326449
SGL-1221,2026-03-17,Cape of Good Hope,Refined Petrochemicals,Bulk Liquid (Chem Tanker),Baltic Fuel Alliance,Europe,2010,72896.6,6476441.61,597662.8,28,32.0,4,444245.19,542966.34,156729.89,103623.07,1247564.49,597662.8,-649901.69,-1.0874,N,17.11416568125262,8.19877470279821,720941.3539583773,7.051494989525009,2.420000046908475,8.306029133612164
SGL-1171,2026-03-04,Cape of Good Hope,Crude Oil,Bulk Liquid (VLCC),Zenith Crude Traders,East Asia,2011,265105.6,20671604.13,1995815.14,27,29.0,2,1631739.7,1994348.52,409297.76,165372.83,4200758.81,1995815.14,-2204943.67,-1.1048,Y,15.84560571334593,7.528377899222046,2273331.094962927,19.77634304870126,1.979999991418179,3.936737086793136
SGL-1063,2026-02-03,Cape of Good Hope,Industrial Machinery,Container (TEU),Deccan Industrial Works,South Asia,2012,23.3,74775.17,12776.91,34,35.0,1,9288.1,11352.12,822.53,299.1,21761.85,12776.91,-8984.94,-0.7032,Y,933.9849785407724,548.3652360515022,13082.8633219178,0.2623189595683266,1.10000418588149,1.374423589906189
SGL-1150,2026-02-25,Overland Truck,Industrial Machinery,Container (TEU),Deccan Industrial Works,South Asia,2012,24.7,71100.97,11203.0,3,3.0,0,6593.81,8059.1,568.81,0.0,15221.72,11203.0,-4018.72,-0.3587,Y,616.263967611336,453.5627530364372,6021.249143835617,0.2623189595683266,0.8000031504492836,0.0
SGL-1055,2026-02-01,Cape of Good Hope,Industrial Machinery,Container (TEU),Deccan Industrial Works,South Asia,2012,27.4,94009.48,13421.54,32,34.0,2,8195.69,10016.95,1034.1,752.08,19998.82,13421.54,-6577.28,-0.4901,Y,729.8839416058395,489.8372262773723,9792.629657534248,0.2623189595683266,1.099995447267659,3.760621876690725
SGL-1084,2026-02-10,Cape of Good Hope,Consumer Goods,Container (TEU),Harborline Consumer Co.,North America,2013,15.6,19990.88,7402.3,33,34.0,1,5832.7,7128.86,263.88,79.96,13305.4,7402.3,-5903.1,-0.7975,Y,852.9102564102564,474.5064102564103,8189.217922077921,0.07379423102572716,1.320001920875919,0.6009590091241149
SGL-1004,2026-01-06,Direct (Pre-Blockade),Refined Petrochemicals,Bulk Liquid (Chem Tanker),Pacific Rim Petrochem,East Asia,2019,81211.0,7837561.92,757092.45,11,12.0,1,261838.64,320025.0,31350.25,31350.25,644564.14,757092.45,112528.31,0.1486,Y,7.936906822967332,9.322535740232235,57875.71418759974,8.693207527287862,0.400000029601042,4.863790591887411
SGL-1185,2026-03-07,Cape of Good Hope,Industrial Machinery,Container (TEU),Deccan Industrial Works,South Asia,2012,21.5,61102.85,8464.32,30,34.0,4,5855.2,7156.35,,977.65,15199.04,8464.32,-6734.72,-0.7957,N,706.9320930232559,393.6893023255814,7190.532979452057,0.2623189595683266,,6.4323141461566
SGL-1152,2026-02-26,Cape of Good Hope,Industrial Machinery,Container (TEU),Falcon Heavy Equipment,Middle East,2016,27.8,91922.97,11911.93,30,33.0,3,7266.28,8881.01,1617.84,1103.08,18868.21,11911.93,-6956.28,-0.584,N,678.7125899280575,428.486690647482,8513.02417808219,0.2422853887759123,1.759995352630577,5.846235546456182
SGL-1062,2026-02-03,Pipeline Bypass,Crude Oil,Bulk Liquid (VLCC),Meridian Energy Partners,Europe,2014,282943.2,20470866.87,2392753.51,14,15.0,1,3957344.9,4836754.88,122825.2,81883.47,8998808.45,2392753.51,-6606054.94,-2.7609,Y,31.80429305245717,8.456656707070534,6941693.981421147,57.57866386205549,0.5999999940403109,0.9099368039109667
SGL-1064,2026-02-03,Overland Truck,Industrial Machinery,Container (TEU),Falcon Heavy Equipment,Middle East,2016,28.0,67150.36,14128.19,3,4.0,1,6690.48,8177.26,335.75,268.6,15472.09,14128.19,-1343.9,-0.0951,Y,552.5746428571429,504.5782142857143,5042.406438356164,0.2422853887759123,0.4999973194484735,1.736029198382378
SGL-1129,2026-02-20,Pipeline Bypass,Crude Oil,Bulk Liquid (VLCC),Meridian Energy Partners,Europe,2014,308650.0,19928281.63,2544727.48,17,20.0,3,4384848.09,5359258.78,167397.57,239139.38,10150643.82,2544727.48,-7605916.34,-2.9889,N,32.88723090879638,8.244702672930504,7906630.248629979,57.57866386205549,0.8400000216175186,2.355903568686148
SGL-1138,2026-02-22,Overland Truck,Consumer Goods,Container (TEU),Solvane Retail Group,Europe,2017,15.6,26214.74,7131.63,3,3.0,0,4381.39,5355.03,209.72,0.0,9946.14,7131.63,-2814.51,-0.3947,Y,637.5730769230769,457.1557692307692,4829.957922077921,0.070701858740426,0.8000079344674026,0.0
SGL-1163,2026-03-01,Held in Gulf,Refined Petrochemicals,Bulk Liquid (Chem Tanker),Baltic Fuel Alliance,Europe,2010,89888.6,8347106.88,805204.93,10,,21,25041.32,88630.19,165272.72,1051735.47,1330679.7,0.0,-1330679.7,-1.6526,N,14.80365363349746,8.957809221636559,681302.1374471374,7.051494989525009,1.980000045237231,79.03746258397119
SGL-1010,2026-01-09,Direct (Pre-Blockade),High-Tech Components,Container (TEU),Kestrel Semiconductor Supply,East Asia,2021,9.7,80061.54,10526.41,11,12.0,1,3661.09,4474.67,320.25,320.25,8776.26,10526.41,1750.15,0.1663,Y,904.7690721649485,1085.196907216495,904.0666326530625,0.1571025512110723,0.4000047963104382,3.649048683607824
SGL-1087,2026-02-10,Overland Truck,Industrial Machinery,Container (TEU),Deccan Industrial Works,South Asia,2012,23.9,85871.36,11935.13,3,3.0,0,6624.93,8097.14,515.23,0.0,15237.3,11935.13,-3302.17,-0.2767,Y,637.5439330543933,499.3778242677824,6334.820102739725,0.2623189595683266,0.6000021427400242,0.0
SGL-1176,2026-03-05,Pipeline Bypass,Crude Oil,Bulk Liquid (VLCC),Meridian Energy Partners,Europe,2014,300871.7,22558810.52,2605453.54,15,16.0,1,4175567.09,5103470.89,243635.15,90235.24,9612908.37,2605453.54,-7007454.83,-2.6895,Y,31.95019129416292,8.659682981151102,7425446.267161283,57.57866386205549,1.079999983970786,0.9386882359308291
SGL-1021,2026-01-14,Direct (Pre-Blockade),Refined Petrochemicals,Bulk Liquid (Chem Tanker),Pacific Rim Petrochem,East Asia,2019,56802.1,5195606.46,438670.64,12,11.0,0,156537.33,191323.41,20782.43,0.0,368643.17,438670.64,70027.47,0.1596,Y,6.489956709347013,7.722789122233157,-41709.30234781669,8.693207527287862,0.4000000800676501,0.0
SGL-1100,2026-02-13,Held in Gulf,Consumer Goods,Container (TEU),Coral Bay Consumer Brands,South Asia,2019,22.0,18587.56,6989.16,10,,37,55.76,1872.0,245.36,4126.44,6299.56,0.0,-6299.56,-0.9013,N,286.3436363636364,317.6890909090909,-915.5685714285705,0.1031461604080873,1.320022638797131,65.50362247522048
SGL-1012,2026-01-10,Direct (Pre-Blockade),High-Tech Components,Container (TEU),Kestrel Semiconductor Supply,East Asia,2021,10.1,85353.52,10538.16,12,11.0,0,3777.64,4617.12,341.41,0.0,8736.17,10538.16,1801.99,0.171,Y,864.9673267326733,1043.382178217822,539.3501020408175,0.1571025512110723,0.3999952198807969,0.0
SGL-1030,2026-01-21,Direct (Pre-Blockade),Pharmaceuticals,Container (TEU),Vantage Pharma Logistics,North America,2015,9.9,79879.87,11476.25,10,11.0,1,4082.66,4989.92,319.52,319.52,9711.62,11476.25,1764.63,0.1538,Y,980.9717171717173,1159.217171717172,-743.33956521739,0.2132852204645197,0.4000006509775241,3.290079307056907
SGL-1144,2026-02-24,Cape of Good Hope,Refined Petrochemicals,Bulk Liquid (Chem Tanker),Pacific Rim Petrochem,East Asia,2019,86560.2,8830997.71,729766.01,33,34.0,1,545971.51,667298.51,155425.56,35323.99,1404019.57,729766.01,-674253.56,-0.9239,Y,16.22015164013022,8.430733870762776,778687.1953708669,8.693207527287862,1.760000003442419,2.51591863495179
SGL-1209,2026-03-14,Held in Gulf,Consumer Goods,Container (TEU),Solvane Retail Group,Europe,2017,22.7,27431.47,9910.06,10,,8,82.29,3240.0,603.49,1316.71,5242.49,0.0,-5242.49,-0.529,N,230.9466960352423,436.5665198237886,-2202.210844155843,0.070701858740426,2.199991469651462,25.11611848568143
SGL-1135,2026-02-21,Overland Truck,Consumer Goods,Container (TEU),Coral Bay Consumer Brands,South Asia,2019,22.0,19198.35,6651.54,3,3.0,0,4365.42,5335.51,134.39,0.0,9835.32,6651.54,-3183.78,-0.4787,Y,447.06,302.3427272727272,2620.191428571429,0.1031461604080873,0.7000080736104926,0.0
SGL-1053,2026-02-01,Cape of Good Hope,Consumer Goods,Container (TEU),Coral Bay Consumer Brands,South Asia,2019,16.9,26818.72,6166.02,31,35.0,4,4410.19,5390.23,295.01,429.1,10524.53,6166.02,-4358.51,-0.7069,N,622.7532544378699,364.8532544378699,4981.999415584417,0.1031461604080873,1.100015213254025,4.077141687087214
SGL-1122,2026-02-19,Held in Gulf,Pharmaceuticals,Container (TEU),Carrow Life Sciences,Europe,2020,7.8,83515.82,12461.3,10,,31,250.55,972.0,1286.14,15533.94,18042.63,0.0,-18042.63,-1.4479,N,2313.157692307692,1597.602564102564,9805.389130434782,0.1714280047127706,1.539995655912856,86.09576320081939
SGL-1034,2026-01-23,Direct (Pre-Blockade),Consumer Goods,Container (TEU),Coral Bay Consumer Brands,South Asia,2019,19.1,26331.15,6497.04,9,10.0,1,2526.1,3087.46,105.32,105.32,5824.2,6497.04,672.84,0.1036,Y,304.9319371727748,340.1591623036649,-439.843441558442,0.1031461604080873,0.3999825301971239,1.808317022080286
SGL-1102,2026-02-14,Held in Gulf,Refined Petrochemicals,Bulk Liquid (Chem Tanker),Pacific Rim Petrochem,East Asia,2019,57837.8,6274259.32,463908.83,10,,36,18822.78,51128.61,82820.22,1355240.01,1508011.62,0.0,-1508011.62,-3.2507,N,26.07311515998188,8.020858850094575,1090176.993724589,8.693207527287862,1.319999951803076,89.86933469385335
SGL-1195,2026-03-10,Held in Gulf,Crude Oil,Bulk Liquid (VLCC),Zenith Crude Traders,East Asia,2011,302557.2,19081114.36,2493901.25,10,,12,57243.34,308608.33,419784.52,1373840.23,2159476.42,0.0,-2159476.42,-0.8659,N,7.137415404426005,8.24274302512054,-40239.96722084612,19.77634304870126,2.200000021382399,63.61913551248687
SGL-1217,2026-03-16,Held in Gulf,Pharmaceuticals,Container (TEU),Vantage Pharma Logistics,North America,2015,10.8,66262.87,13492.53,10,,6,198.79,1116.0,1603.56,2385.46,5303.81,0.0,-5303.81,-0.3931,N,491.0935185185185,1249.308333333333,-6101.600434782608,0.2132852204645197,2.419997805709291,44.97634719192429
SGL-1003,2026-01-06,Direct (Pre-Blockade),High-Tech Components,Container (TEU),Novastar Electronics,Europe,2022,11.2,82090.3,9803.64,12,13.0,1,3589.39,4387.03,328.36,328.36,8633.14,9803.64,1170.5,0.1194,Y,770.8160714285714,875.325,-456.4028571428569,0.1092021715406442,0.3999985381951339,3.803482857917282
SGL-1015,2026-01-11,Direct (Pre-Blockade),High-Tech Components,Container (TEU),Novastar Electronics,Europe,2022,11.5,80741.62,10542.96,9,8.0,0,3678.68,4496.17,322.97,0.0,8497.82,10542.96,2045.14,0.194,Y,738.9408695652173,916.7791304347826,-835.1927551020408,0.1092021715406442,0.4000043595855521,0.0
SGL-1096,2026-02-12,Pipeline Bypass,Crude Oil,Bulk Liquid (VLCC),Meridian Energy Partners,Europe,2014,296037.8,21758691.66,2175425.26,15,17.0,2,4228592.96,5168280.28,156662.58,174069.53,9727605.35,2175425.26,-7552180.09,-3.4716,Y,32.85933536190311,7.348471242523758,7575287.705941925,57.57866386205549,0.7200000002206015,1.789438651517663
SGL-1017,2026-01-12,Direct (Pre-Blockade),High-Tech Components,Container (TEU),Novastar Electronics,Europe,2022,12.5,82785.66,11530.2,10,11.0,1,3850.58,4706.27,331.14,331.14,9219.13,11530.2,2311.07,0.2004,Y,737.5304,922.416,-925.4490816326523,0.1092021715406442,0.3999968110419123,3.591879060171622
SGL-1196,2026-03-10,Held in Gulf,Industrial Machinery,Container (TEU),Deccan Industrial Works,South Asia,2012,22.6,78503.48,12242.82,10,,12,235.51,3240.0,1727.08,5652.25,10854.84,0.0,-10854.84,-0.8866,N,480.3026548672566,541.7176991150442,2436.595410958903,0.2623189595683266,2.200004381971347,52.07124195289843
SGL-1158,2026-02-28,Overland Truck,Pharmaceuticals,Container (TEU),Carrow Life Sciences,Europe,2020,7.5,86740.85,12475.96,3,3.0,0,2514.21,3072.92,693.93,0.0,6281.06,12475.96,6194.9,0.4965,Y,837.4746666666667,1663.461333333333,-1639.363913043478,0.1714280047127706,0.8000036891499217,0.0
SGL-1001,2026-01-05,Direct (Pre-Blockade),Consumer Goods,Container (TEU),Harborline Consumer Co.,North America,2013,22.6,39552.62,9224.73,10,11.0,1,3329.0,4068.77,158.21,158.21,7714.19,9224.73,1510.54,0.1637,Y,341.3358407079646,408.1738938053097,302.2851948051943,0.07379423102572716,0.3999987864267905,2.050895816670318
SGL-1210,2026-03-14,Air Bridge,Pharmaceuticals,Container (TEU),Carrow Life Sciences,Europe,2020,9.3,73041.62,11952.01,1,1.0,0,23463.09,28677.1,438.25,0.0,52578.44,11952.01,-40626.43,-3.3991,Y,5653.595698924731,1285.162365591398,42757.11434782609,0.1714280047127706,0.6000003833430858,0.0
SGL-1054,2026-02-01,Cape of Good Hope,Industrial Machinery,Container (TEU),Falcon Heavy Equipment,Middle East,2016,19.1,60868.61,8830.91,27,31.0,4,6218.83,7600.79,669.55,973.9,15463.07,8830.91,-6632.16,-0.751,N,809.5848167539266,462.3513089005235,8348.535856164382,0.2422853887759123,1.099992262021426,6.298231851760355
SGL-1026,2026-01-17,Direct (Pre-Blockade),Refined Petrochemicals,Bulk Liquid (Chem Tanker),Nordholm Refining Group,Europe,2016,79438.7,8456053.44,635047.11,11,12.0,1,219106.22,267796.49,33824.21,33824.21,554551.13,635047.11,80495.98,0.1268,Y,6.98086864462787,7.994178026578985,-19333.76061313764,5.401738493239028,0.3999999555348128,6.099385281209327
SGL-1022,2026-01-15,Direct (Pre-Blockade),Industrial Machinery,Container (TEU),Falcon Heavy Equipment,Middle East,2016,22.2,57363.8,7706.33,11,11.0,0,2716.42,3320.07,229.46,0.0,6265.95,7706.33,1440.38,0.1869,Y,282.25,347.131981981982,-2003.299109589041,0.2422853887759123,0.4000083676464948,0.0
SGL-1136,2026-02-22,Cape of Good Hope,Industrial Machinery,Container (TEU),Deccan Industrial Works,South Asia,2012,26.6,97615.27,12037.36,30,32.0,2,8027.47,9811.35,1718.03,780.92,20337.77,12037.36,-8300.41,-0.6896,Y,764.5778195488722,452.5323308270677,10429.57061643836,0.2623189595683266,1.760001278488498,3.839752342562631
SGL-1140,2026-02-22,Air Bridge,High-Tech Components,Container (TEU),Kestrel Semiconductor Supply,East Asia,2021,11.3,82669.92,10874.81,1,1.0,0,28355.12,34656.26,396.82,0.0,63408.2,10874.81,-52533.39,-4.8307,Y,5611.345132743362,962.3725663716813,54237.50051020408,0.1571025512110723,0.4800053030171071,0.0
SGL-1191,2026-03-08,Cape of Good Hope,Crude Oil,Bulk Liquid (VLCC),Zenith Crude Traders,East Asia,2011,268046.1,16932600.98,2141661.15,28,29.0,1,1596032.36,1950706.21,372517.22,67730.4,3986986.19,2141661.15,-1845325.04,-0.8616,Y,14.874255547833,7.989898565955633,2038179.819830532,19.77634304870126,2.199999990787003,1.698786922560171
SGL-1089,2026-02-11,Cape of Good Hope,Industrial Machinery,Container (TEU),Deccan Industrial Works,South Asia,2012,28.1,81820.33,13475.61,33,35.0,2,8891.32,10867.17,1080.03,654.56,21493.08,13475.61,-8017.47,-0.595,Y,764.8782918149467,479.5590747330961,11026.14756849315,0.2623189595683266,1.320002009280579,3.045445324727772
SGL-1187,2026-03-08,Held in Gulf,Crude Oil,Bulk Liquid (VLCC),Meridian Energy Partners,Europe,2014,280510.1,18776404.97,2281171.86,10,,14,56329.21,286120.28,413080.91,1577218.02,2332748.42,0.0,-2332748.42,-1.0226,N,8.316094215502401,8.13222718183766,293323.5980127587,57.57866386205549,2.20000000351505,67.61200678468362
SGL-1128,2026-02-20,Overland Truck,Pharmaceuticals,Container (TEU),Vantage Pharma Logistics,North America,2015,7.5,79926.91,12409.72,3,4.0,1,2559.88,3128.75,559.49,319.71,6567.83,12409.72,5841.89,0.4708,Y,875.7106666666666,1654.629333333333,-1352.593913043479,0.2132852204645197,0.7000020393632133,4.867817833287402
SGL-1194,2026-03-10,Held in Gulf,Pharmaceuticals,Container (TEU),Vantage Pharma Logistics,North America,2015,6.2,73630.36,12739.52,10,,12,220.89,1080.0,1619.87,5301.39,8222.15,0.0,-8222.15,-0.6454,N,1326.153225806451,2054.761290322581,1674.599565217391,0.2132852204645197,2.200002824921676,64.47693121628771
SGL-1200,2026-03-11,Air Bridge,High-Tech Components,Container (TEU),Kestrel Semiconductor Supply,East Asia,2021,9.8,91016.05,9698.55,1,1.0,0,24608.84,30077.47,546.1,0.0,55232.41,9698.55,-45533.86,-4.6949,Y,5635.960204081633,989.6479591836734,47279.06,0.1571025512110723,0.6000040652170688,0.0
SGL-1078,2026-02-08,Overland Truck,Pharmaceuticals,Container (TEU),Vantage Pharma Logistics,North America,2015,9.1,72655.78,12835.68,4,5.0,1,2528.44,3090.31,435.93,290.62,6345.3,12835.68,6490.38,0.5057,Y,697.2857142857143,1410.514285714286,-3264.814347826086,0.2132852204645197,0.5999935586680096,4.580082896001765
SGL-1170,2026-03-04,Cape of Good Hope,Refined Petrochemicals,Bulk Liquid (Chem Tanker),Baltic Fuel Alliance,Europe,2010,47558.9,4193749.42,428104.82,29,30.0,1,313077.61,382650.41,83036.24,16775.0,795539.26,428104.82,-367434.44,-0.8583,Y,16.72745290576527,9.001571104462046,451961.9592110753,7.051494989525009,1.980000035385996,2.10863257710248
SGL-1047,2026-01-30,Direct (Pre-Blockade),Industrial Machinery,Container (TEU),Deccan Industrial Works,South Asia,2012,28.0,65026.51,13167.47,12,13.0,1,5048.83,6170.79,260.11,260.11,11739.84,13167.47,1427.63,0.1084,Y,419.28,470.2667857142857,1310.156438356165,0.2623189595683266,0.4000060898239811,2.215617930056969
SGL-1207,2026-03-13,Held in Gulf,Crude Oil,Bulk Liquid (VLCC),Zenith Crude Traders,East Asia,2011,273358.7,19178593.07,2479489.92,10,,9,57535.78,278825.89,421929.05,1035644.03,1793934.75,0.0,-1793934.75,-0.7235,N,6.562566876415493,9.070462802171651,-193496.4265821044,19.77634304870126,2.200000012826801,57.73030652313302
SGL-1155,2026-02-27,Cape of Good Hope,Consumer Goods,Container (TEU),Solvane Retail Group,Europe,2017,15.5,25587.39,7127.94,30,32.0,2,5218.75,6378.48,450.34,204.7,12252.27,7127.94,-5124.33,-0.7189,Y,790.4690322580645,459.8670967741935,7168.883961038961,0.070701858740426,1.760007566226958,1.670710815220363
SGL-1031,2026-01-22,Direct (Pre-Blockade),High-Tech Components,Container (TEU),Atlas Components Inc.,North America,2018,13.7,164674.94,20008.07,12,11.0,0,6634.67,8109.05,658.7,0.0,15402.42,20008.07,4605.65,0.2302,Y,1124.264233576642,1460.443065693431,4283.961326530615,0.09528753274387475,0.4000001457416654,0.0
SGL-1189,2026-03-08,Air Bridge,Pharmaceuticals,Container (TEU),Carrow Life Sciences,Europe,2020,10.5,75278.94,13103.57,1,1.0,0,26200.27,32022.55,451.67,0.0,58674.49,13103.57,-45570.92,-3.4777,Y,5588.046666666666,1247.959047619048,47585.89652173912,0.1714280047127706,0.5999951646502992,0.0
SGL-1190,2026-03-08,Overland Truck,High-Tech Components,Container (TEU),Atlas Components Inc.,North America,2018,10.1,88543.88,10207.15,3,4.0,1,2465.17,3012.99,885.44,354.18,6717.78,10207.15,3489.37,0.3419,Y,665.1267326732673,1010.608910891089,-1479.039897959183,0.09528753274387475,1.000001355260239,5.27227744880005
SGL-1057,2026-02-02,Overland Truck,Consumer Goods,Container (TEU),Coral Bay Consumer Brands,South Asia,2019,22.0,23905.84,7012.39,4,5.0,1,4379.6,5352.85,119.53,95.62,9947.6,7012.39,-2935.21,-0.4186,Y,452.1636363636364,318.745,2732.471428571429,0.1031461604080873,0.5000033464626217,0.9612368812577909
SGL-1206,2026-03-12,Held in Gulf,Industrial Machinery,Container (TEU),Falcon Heavy Equipment,Middle East,2016,20.3,57451.09,8921.27,10,,10,172.35,2160.0,1263.92,3447.07,7043.34,0.0,-7043.34,-0.7895,N,346.9625615763547,439.4714285714286,-518.1805821917806,0.2422853887759123,2.199993072368166,48.94084340667922
SGL-1168,2026-03-03,Held in Gulf,Consumer Goods,Container (TEU),Coral Bay Consumer Brands,South Asia,2019,21.6,23767.29,6318.71,10,,19,71.3,2088.0,470.59,2709.47,5339.36,0.0,-5339.36,-0.845,N,247.1925925925926,292.5328703703703,-1744.584415584416,0.1031461604080873,1.979990146120992,50.74522040094693
SGL-1218,2026-03-17,Pipeline Bypass,Crude Oil,Bulk Liquid (VLCC),Meridian Energy Partners,Europe,2014,305793.9,23540285.69,2670673.84,14,15.0,1,4294269.46,5248551.56,310731.77,94161.14,9947713.93,2670673.84,-7277040.09,-2.7248,Y,32.5307794890611,8.73357460694932,7724465.390741399,57.57866386205549,1.319999995293175,0.9465605933442841
SGL-1060,2026-02-02,Cape of Good Hope,Industrial Machinery,Container (TEU),Falcon Heavy Equipment,Middle East,2016,26.8,84566.73,14101.15,31,33.0,2,8640.73,10560.9,930.23,676.53,20808.39,14101.15,-6707.24,-0.4757,Y,776.4324626865671,526.1623134328358,10825.69287671233,0.2422853887759123,1.09999523453254,3.251236640605064
SGL-1197,2026-03-10,Held in Gulf,Pharmaceuticals,Container (TEU),Vantage Pharma Logistics,North America,2015,7.0,66478.8,12381.09,10,,12,199.44,1080.0,1462.53,4786.47,7528.44,0.0,-7528.44,-0.6081,N,1075.491428571429,1768.727142857143,136.0443478260868,0.2132852204645197,2.199994584739797,63.57851028898418
SGL-1043,2026-01-28,Direct (Pre-Blockade),Industrial Machinery,Container (TEU),Falcon Heavy Equipment,Middle East,2016,20.0,49402.72,7341.41,11,10.0,0,2810.6,3435.18,197.61,0.0,6443.39,7341.41,898.02,0.1223,Y,322.1695,367.0705,-1006.383972602739,0.2422853887759123,0.3999982187215603,0.0
SGL-1058,2026-02-02,Cape of Good Hope,Crude Oil,Bulk Liquid (VLCC),Meridian Energy Partners,Europe,2014,289207.7,19531627.1,2548607.45,32,33.0,1,1923696.76,2351184.93,214847.9,78126.51,4567856.1,2548607.45,-2019248.65,-0.7923,Y,15.7943792644525,8.812377575009242,2465196.117026696,57.57866386205549,1.100000009727812,1.710354010495208
SGL-1239,2026-03-21,Air Bridge,High-Tech Components,Container (TEU),Kestrel Semiconductor Supply,east asia,2021,10.2,91532.05,9396.24,1,1.0,0,25529.42,31202.63,604.11,0.0,57336.16,9396.24,-47939.92,-5.102,Y,5621.192156862746,921.2,49058.18346938776,0.1571025512110723,0.6599983284543501,0.0
SGL-1234,2026-03-20,Cape of Good Hope,Refined Petrochemicals,Bulk Liquid (Chem Tanker),Baltic Fuel Alliance,Europe,2010,53537.4,4853563.29,401784.58,34,35.0,1,325258.83,397538.57,117456.23,19414.25,859667.88,401784.58,-457883.3,-1.1396,Y,16.05733337816181,7.504745841225013,472900.4109614609,7.051494989525009,2.419999966663667,2.258343070814743
SGL-1240,2026-03-21,Pipeline Bypass,Refined Petrochemicals,Bulk Liquid (Chem Tanker),Nordholm Refining Group,Europe,2016,55269.0,5353494.61,445814.22,14,17.0,3,1284696.7,1570184.86,70666.13,64241.94,2989789.63,445814.22,-2543975.41,-5.7064,N,54.09523657022924,8.066261738044835,2590512.652666565,5.401738493239028,1.320000021443937,2.148711044930609
SGL-1199,2026-03-11,Pipeline Bypass,Refined Petrochemicals,Bulk Liquid (Chem Tanker),Baltic Fuel Alliance,Europe,2010,64323.6,6677440.36,526479.62,18,19.0,1,1335996.81,1632884.99,80129.28,26709.76,3075720.84,526479.62,-2549241.22,-4.8421,Y,47.81636662127119,8.184859367323968,2611031.184330367,7.051494989525009,1.199999935304551,0.868406509870382
SGL-1074,2026-02-07,Overland Truck,Pharmaceuticals,Container (TEU),Vantage Pharma Logistics,North America,2015,8.0,75380.05,10951.81,4,4.0,0,2490.19,3043.56,376.9,0.0,5910.65,10951.81,5041.16,0.4603,Y,738.83125,1368.97625,-2537.802173913044,0.2132852204645197,0.4999996683472616,0.0
SGL-1127,2026-02-20,Air Bridge,Pharmaceuticals,Container (TEU),Carrow Life Sciences,Europe,2020,10.4,76868.81,11185.31,1,1.0,0,26064.81,31856.99,322.85,0.0,58244.65,11185.31,-47059.34,-4.2072,Y,5600.447115384615,1075.510576923077,47261.66217391304,0.1714280047127706,0.420001298315923,0.0
SGL-1205,2026-03-12,Cape of Good Hope,Industrial Machinery,Container (TEU),Falcon Heavy Equipment,Middle East,2016,21.2,46175.3,8315.63,33,34.0,1,6078.21,7428.93,1015.86,184.7,14707.7,8315.63,-6392.07,-0.7687,Y,693.7594339622642,392.2466981132075,6810.939589041097,0.2422853887759123,2.200007363243985,1.255804782528879
SGL-1104,2026-02-14,Held in Gulf,Refined Petrochemicals,Bulk Liquid (Chem Tanker),Pacific Rim Petrochem,East Asia,2019,84023.6,9408109.29,661440.03,10,,36,28224.33,74276.86,124187.04,2032151.61,2258839.84,0.0,-2258839.84,-3.415,N,26.88339752164867,7.872074393384715,1651832.493518725,8.693207527287862,1.319999972066651,89.96439561646832
SGL-1116,2026-02-17,Overland Truck,Pharmaceuticals,Container (TEU),Vantage Pharma Logistics,North America,2015,7.7,74351.85,13696.5,4,4.0,0,2554.47,3122.13,520.46,0.0,6197.06,13696.5,7499.44,0.5475,Y,804.812987012987,1778.766233766234,-1934.575217391304,0.2132852204645197,0.6999960323784815,0.0
SGL-1235,2026-03-20,Held in Gulf,Refined Petrochemicals,Bulk Liquid (Chem Tanker),Nordholm Refining Group,Europe,2016,81351.1,8541524.75,622648.76,10,,2,25624.57,85744.08,206704.9,102498.3,420571.85,0.0,-420571.85,-0.6755,N,5.169836056304094,7.653845614871833,-167128.6929942638,5.401738493239028,2.420000012292887,24.3711746280689
SGL-1033,2026-01-22,Direct (Pre-Blockade),Refined Petrochemicals,Bulk Liquid (Chem Tanker),Baltic Fuel Alliance,Europe,2010,66542.2,6085524.11,487284.44,10,9.0,0,180164.84,220201.47,24342.1,0.0,424708.41,487284.44,62576.03,0.1284,Y,6.382542356579735,7.322938526228469,-56008.96286936375,7.051494989525009,0.4000000584994806,0.0
SGL-1016,2026-01-12,Direct (Pre-Blockade),Refined Petrochemicals,Bulk Liquid (Chem Tanker),Nordholm Refining Group,Europe,2016,73926.1,7147435.04,543407.39,10,11.0,1,203099.48,248232.7,28589.74,28589.74,508511.66,543407.39,34895.73,0.0642,Y,6.878648542260446,7.350683858610152,-25548.83962997734,5.401738493239028,0.3999999977614348,5.622238829292528
SGL-1103,2026-02-14,Held in Gulf,High-Tech Components,Container (TEU),Kestrel Semiconductor Supply,East Asia,2021,10.4,93958.04,9313.65,10,,36,281.87,936.0,1240.25,20294.94,22753.06,0.0,-22753.06,-2.443,N,2187.794230769231,895.5432692307692,14312.77020408164,0.1571025512110723,1.320004120988475,89.19653004914503
SGL-1095,2026-02-12,Pipeline Bypass,Crude Oil,Bulk Liquid (VLCC),Meridian Energy Partners,Europe,2014,295917.2,20099169.72,2633442.47,16,16.0,0,4296390.17,5251143.54,144714.02,0.0,9692247.73,2633442.47,-7058805.26,-2.6804,Y,32.75324222451415,8.89925448740391,7540806.897983744,57.57866386205549,0.7199999901289454,0.0
SGL-1215,2026-03-16,Overland Truck,Consumer Goods,Container (TEU),Coral Bay Consumer Brands,South Asia,2019,15.2,18717.89,5993.8,4,4.0,0,4320.98,5281.19,205.9,0.0,9808.07,5993.8,-3814.27,-0.6364,Y,645.2677631578947,394.3289473684211,4823.072077922077,0.1031461604080873,1.100017149368866,0.0
SGL-1208,2026-03-13,Overland Truck,Industrial Machinery,Container (TEU),Deccan Industrial Works,South Asia,2012,22.4,52858.1,9169.94,3,3.0,0,4442.67,5429.93,528.58,0.0,10401.18,9169.94,-1231.24,-0.1343,Y,464.3383928571429,409.3723214285715,2057.433150684932,0.2623189595683266,0.9999981081423661,0.0
SGL-1099,2026-02-13,Cape of Good Hope,Industrial Machinery,Container (TEU),Deccan Industrial Works,South Asia,2012,18.6,44841.34,8818.21,32,35.0,3,6100.91,7456.67,591.91,538.1,14687.59,8818.21,-5869.38,-0.6656,N,789.655376344086,474.0973118279569,7759.300205479452,0.2623189595683266,1.320009616126548,3.663637124946979
SGL-1159,2026-02-28,Held in Gulf,Industrial Machinery,Container (TEU),Falcon Heavy Equipment,Middle East,2016,26.6,82848.43,12380.47,10,,22,248.55,3024.0,1458.13,10935.99,15666.67,0.0,-15666.67,-1.2654,N,588.9725563909774,465.4312030075188,5758.470616438355,0.2422853887759123,1.759997141768408,69.80417663740923
SGL-1067,2026-02-04,Pipeline Bypass,Crude Oil,Bulk Liquid (VLCC),Meridian Energy Partners,Europe,2014,302133.4,19425347.57,2538553.32,17,20.0,3,4373238.43,5345069.19,116552.09,233104.17,10067963.88,2538553.32,-7529410.56,-2.966,N,33.32290928444191,8.402094306687045,7871328.694630917,57.57866386205549,0.6000000235774416,2.315305982206205
SGL-1181,2026-03-06,Air Bridge,High-Tech Components,Container (TEU),Kestrel Semiconductor Supply,East Asia,2021,12.7,82634.14,10612.26,1,1.0,0,31689.86,38732.05,446.22,0.0,70868.13,10612.26,-60255.87,-5.6779,Y,5580.167716535434,835.6110236220474,60561.23765306124,0.1571025512110723,0.539994728571024,0.0
SGL-1036,2026-01-24,Direct (Pre-Blockade),Industrial Machinery,Container (TEU),Deccan Industrial Works,South Asia,2012,23.9,88851.7,13491.47,12,13.0,1,5082.07,6211.42,355.41,355.41,12004.31,13491.47,1487.16,0.1102,Y,502.2723849372385,564.4966527196652,3101.830102739726,0.2623189595683266,0.4000036015067804,2.96068662005563
SGL-1052,2026-02-01,Cape of Good Hope,Consumer Goods,Container (TEU),Coral Bay Consumer Brands,South Asia,2019,18.8,21940.33,7233.67,31,32.0,1,5249.93,6416.58,241.34,87.76,11995.61,7233.67,-4761.94,-0.6583,Y,638.0643617021277,384.7696808510638,5829.954675324677,0.1031461604080873,1.099983455125789,0.7316009773575499
SGL-1098,2026-02-13,Air Bridge,Pharmaceuticals,Container (TEU),Vantage Pharma Logistics,North America,2015,8.8,83249.43,12408.15,1,1.0,0,22079.54,26986.11,299.7,0.0,49365.35,12408.15,-36957.2,-2.9785,Y,5609.698863636363,1410.017045454545,40072.05260869565,0.2132852204645197,0.3600024648817415,0.0
SGL-1201,2026-03-11,Cape of Good Hope,Consumer Goods,Container (TEU),Harborline Consumer Co.,North America,2013,21.6,21089.07,7328.1,33,33.0,0,4781.11,5843.58,463.96,0.0,11088.65,7328.1,-3760.55,-0.5132,Y,513.3634259259259,339.2638888888889,4004.705584415584,0.07379423102572716,2.200002181224681,0.0
SGL-1124,2026-02-19,Held in Gulf,High-Tech Components,Container (TEU),Atlas Components Inc.,North America,2018,9.8,91053.3,10445.48,10,,31,273.16,972.0,1402.22,16935.91,19583.29,0.0,-19583.29,-1.8748,N,1998.294897959184,1065.865306122449,11629.94,0.09528753274387475,1.539999099428576,86.48143391636441
SGL-1175,2026-03-05,Cape of Good Hope,Crude Oil,Bulk Liquid (VLCC),Meridian Energy Partners,Europe,2014,295505.9,22925333.71,2402655.63,29,30.0,1,1871892.44,2287868.54,453921.61,91701.33,4705383.92,2402655.63,-2302728.29,-0.9584,Y,15.9231471182132,8.130651976830242,2556933.409648752,57.57866386205549,1.98000001108817,1.948859679870713
SGL-1117,2026-02-17,Held in Gulf,Refined Petrochemicals,Bulk Liquid (Chem Tanker),Nordholm Refining Group,Europe,2016,51821.5,5157108.04,399639.57,10,,33,15471.32,47572.16,79419.46,1021107.39,1163570.33,0.0,-1163570.33,-2.9115,N,22.45342821029882,7.711848750036182,789198.9485586031,5.401738493239028,1.539999926005041,87.75639629793585
SGL-1029,2026-01-20,Direct (Pre-Blockade),Refined Petrochemicals,Bulk Liquid (Chem Tanker),Pacific Rim Petrochem,East Asia,2019,94565.4,10345479.6,848591.51,9,10.0,1,293554.51,358788.84,41381.92,41381.92,735107.19,848591.51,113484.32,0.1337,Y,7.773532285592828,8.973594041795414,51943.26316348826,8.693207527287862,0.4000000154656919,5.629372228014802
SGL-1113,2026-02-17,Overland Truck,Industrial Machinery,Container (TEU),Falcon Heavy Equipment,Middle East,2016,18.5,48397.73,7412.48,3,4.0,1,4379.66,5352.92,338.78,193.59,10264.95,7412.48,-2852.47,-0.3848,Y,554.8621621621622,400.6745945945946,3373.909075342467,0.2422853887759123,0.6999915078661746,1.885932225680593
SGL-1109,2026-02-16,Air Bridge,Pharmaceuticals,Container (TEU),Carrow Life Sciences,Europe,2020,7.5,69792.93,12181.0,1,1.0,0,18867.34,23060.08,293.13,0.0,42220.55,12181.0,-30039.55,-2.4661,Y,5629.406666666667,1624.133333333333,34300.12608695652,0.1714280047127706,0.4199995615601753,0.0
SGL-1114,2026-02-17,Cape of Good Hope,Consumer Goods,Container (TEU),Solvane Retail Group,Europe,2017,14.5,19339.2,5927.04,30,32.0,2,4504.37,5505.34,297.82,154.71,10462.24,5927.04,-4535.2,-0.7652,Y,721.5337931034483,408.7613793103448,5706.814350649351,0.070701858740426,1.53998097129147,1.478746425239719
SGL-1219,2026-03-17,Held in Gulf,Industrial Machinery,Container (TEU),Falcon Heavy Equipment,Middle East,2016,29.7,90488.69,12176.41,10,,5,271.47,3348.0,2189.83,2714.66,8523.96,0.0,-8523.96,-0.7,N,287.0020202020202,409.9801346801347,-2538.95434931507,0.2422853887759123,2.420004091119011,31.84740425811477
SGL-1005,2026-01-07,Direct (Pre-Blockade),Refined Petrochemicals,Bulk Liquid (Chem Tanker),Pacific Rim Petrochem,East Asia,2019,40496.8,3713677.28,353879.71,10,10.0,0,124278.51,151895.95,14854.71,0.0,291029.17,353879.71,62850.54,0.1776,Y,7.18647325220758,8.73846106359021,-1529.767119843562,8.693207527287862,0.4000000236961894,0.0
SGL-1013,2026-01-11,Direct (Pre-Blockade),Refined Petrochemicals,Bulk Liquid (Chem Tanker),Baltic Fuel Alliance,Europe,2010,75729.2,7676580.17,667991.34,10,10.0,0,236525.52,289086.75,30706.32,0.0,556318.59,667991.34,111672.75,0.1672,Y,7.346156964552643,8.820789602953683,9232.048324211959,7.051494989525009,0.3999999911418889,0.0
SGL-1174,2026-03-04,Cape of Good Hope,Crude Oil,Bulk Liquid (VLCC),Zenith Crude Traders,East Asia,2011,279696.6,19302925.61,2494285.59,32,32.0,0,1772144.38,2165954.24,382197.93,0.0,4320296.55,2494285.59,-1826010.96,-0.7321,Y,15.44636777851429,8.917825922803495,2286786.210566815,19.77634304870126,1.980000015137602,0.0
SGL-1123,2026-02-19,Pipeline Bypass,Crude Oil,Bulk Liquid (VLCC),Zenith Crude Traders,East Asia,2011,249472.0,16827503.37,1814936.86,15,17.0,2,3556001.7,4346224.3,141351.03,134620.03,8178197.06,1814936.86,-6363260.2,-3.5061,Y,32.78202387442278,7.275112477552591,6364432.103975951,19.77634304870126,0.8400000100549674,1.646084448838165
SGL-1178,2026-03-05,Overland Truck,Industrial Machinery,Container (TEU),Deccan Industrial Works,South Asia,2012,19.8,55879.84,7075.33,3,3.0,0,4378.56,5351.58,502.92,0.0,10233.06,7075.33,-3157.73,-0.4463,Y,516.821212121212,357.339898989899,2857.783767123286,0.2623189595683266,0.900002576957987,0.0
SGL-1081,2026-02-09,Cape of Good Hope,Refined Petrochemicals,Bulk Liquid (Chem Tanker),Baltic Fuel Alliance,Europe,2010,80333.5,7097654.49,728137.24,30,31.0,1,497479.1,608030.01,93689.04,28390.62,1227588.77,728137.24,-499451.53,-0.6859,Y,15.28115630465497,9.063930240808629,647239.6220397427,7.051494989525009,1.320000010313266,2.312714216178436
SGL-1050,2026-01-31,Direct (Pre-Blockade),Pharmaceuticals,Container (TEU),Vantage Pharma Logistics,North America,2015,6.7,75469.05,11780.47,10,10.0,0,4117.68,5032.72,301.88,0.0,9452.28,11780.47,2328.19,0.1976,Y,1410.788059701493,1758.279104477612,2376.701304347826,0.2132852204645197,0.4000050351766717,0.0
SGL-1065,2026-02-04,Held in Gulf,Crude Oil,Bulk Liquid (VLCC),Meridian Energy Partners,Europe,2014,232610.0,14964939.39,1845556.21,10,,46,44894.82,197718.46,164614.33,4130323.27,4537550.88,0.0,-4537550.88,-2.4586,N,19.50711869653067,7.934122393706203,2846379.660701827,57.57866386205549,1.09999997801528,91.02538746628886
SGL-1011,2026-01-09,Direct (Pre-Blockade),Pharmaceuticals,Container (TEU),Vantage Pharma Logistics,North America,2015,9.2,77285.91,12222.6,12,12.0,0,4232.96,5173.62,309.14,0.0,9715.72,12222.6,2506.88,0.2051,Y,1056.05652173913,1328.54347826087,0.0,0.2132852204645197,0.3999952902152539,0.0
SGL-1088,2026-02-11,Cape of Good Hope,Industrial Machinery,Container (TEU),Falcon Heavy Equipment,Middle East,2016,25.8,89137.93,12662.59,32,33.0,1,8717.97,10655.3,1176.62,356.55,20906.44,12662.59,-8243.85,-0.651,Y,810.3271317829457,490.7980620155039,11296.23157534246,0.2422853887759123,1.319999241624749,1.705455352513388
SGL-1086,2026-02-10,Air Bridge,High-Tech Components,Container (TEU),Kestrel Semiconductor Supply,East Asia,2021,9.8,81256.68,9115.57,1,1.0,0,24401.03,29823.48,292.52,0.0,54517.03,9115.57,-45401.46,-4.9806,Y,5562.962244897959,930.1602040816325,46563.68,0.1571025512110723,0.3599950182557299,0.0
SGL-1226,2026-03-18,Air Bridge,Pharmaceuticals,Container (TEU),Vantage Pharma Logistics,North America,2015,9.3,80148.48,12106.97,1,1.0,0,23250.47,28417.24,528.98,0.0,52196.69,12106.97,-40089.72,-3.3113,Y,5612.547311827957,1301.824731182796,42375.36434782609,0.2132852204645197,0.6600000399258976,0.0
SGL-1212,2026-03-15,Overland Truck,Pharmaceuticals,Container (TEU),Carrow Life Sciences,Europe,2020,8.0,83415.27,11628.93,4,5.0,1,2486.45,3038.99,,333.66,6776.67,11628.93,4852.26,0.4173,Y,847.08375,1453.61625,-1671.782173913043,0.1714280047127706,,4.923657194462767
SGL-1157,2026-02-28,Overland Truck,Industrial Machinery,Container (TEU),Falcon Heavy Equipment,Middle East,2016,18.5,53690.45,9222.24,4,4.0,0,4438.77,5425.16,429.52,0.0,10293.45,9222.24,-1071.21,-0.1162,Y,556.4027027027028,498.4994594594594,3402.409075342467,0.2422853887759123,0.799993294896951,0.0
SGL-1203,2026-03-12,Held in Gulf,Crude Oil,Bulk Liquid (VLCC),Meridian Energy Partners,Europe,2014,280640.1,16972436.47,2506016.14,10,,10,50917.31,286252.92,373393.6,1018346.19,1728910.02,0.0,-1728910.02,-0.6899,N,6.160595082456143,8.92964383920901,-311459.9559294998,57.57866386205549,2.19999998621294,58.90105200500832
SGL-1094,2026-02-12,Held in Gulf,Pharmaceuticals,Container (TEU),Carrow Life Sciences,Europe,2020,9.6,87117.07,13749.24,10,,38,261.35,936.0,1149.95,19862.69,22209.99,0.0,-22209.99,-1.6154,N,2313.540625,1432.2125,12071.84739130435,0.1714280047127706,1.320005367489976,89.43133247696193
SGL-1220,2026-03-17,Overland Truck,High-Tech Components,Container (TEU),Atlas Components Inc.,North America,2018,11.0,79615.56,9849.44,4,4.0,0,2419.65,2957.36,875.77,0.0,6252.78,9849.44,3596.66,0.3652,Y,568.4345454545454,895.4036363636365,-2674.449591836735,0.09528753274387475,1.099998542998379,0.0
SGL-1223,2026-03-18,Cape of Good Hope,Crude Oil,Bulk Liquid (VLCC),Meridian Energy Partners,Europe,2014,281171.3,21488255.49,2365158.87,33,34.0,1,1816245.84,2219856.03,520015.78,85953.02,4642070.67,2365158.87,-2276911.8,-0.9627,Y,16.50975995771973,8.411807570687337,2597838.649654133,57.57866386205549,2.419999986699712,1.851609467203566
SGL-1006,2026-01-07,Direct (Pre-Blockade),Industrial Machinery,Container (TEU),Deccan Industrial Works,South Asia,2012,22.4,54208.45,7418.91,10,11.0,1,2836.42,3466.73,216.83,216.83,6736.81,7418.91,682.1,0.0919,Y,300.7504464285715,331.2013392857143,-1606.936849315067,0.2623189595683266,0.3999929900227733,3.218585651072244
SGL-1148,2026-02-25,Cape of Good Hope,Refined Petrochemicals,Bulk Liquid (Chem Tanker),Nordholm Refining Group,Europe,2016,91581.1,10010886.86,795049.34,29,31.0,2,587215.24,717707.52,176191.61,80087.09,1561201.46,795049.34,-766152.12,-0.9637,Y,17.04720144221897,8.681369190804652,899596.8572593858,5.401738493239028,1.760000012626254,5.129836991056875
SGL-1145,2026-02-24,Pipeline Bypass,Crude Oil,Bulk Liquid (VLCC),Meridian Energy Partners,Europe,2014,299511.8,19085681.67,2395433.21,18,20.0,2,4087358.11,4995659.91,183222.54,152685.45,9418926.01,2395433.21,-7023492.8,-2.932,Y,31.44759575415727,7.997792440898823,7241350.944438802,57.57866386205549,0.9599999788742153,1.621049468250362
SGL-1059,2026-02-02,Cape of Good Hope,Consumer Goods,Container (TEU),Coral Bay Consumer Brands,South Asia,2019,16.7,22370.3,5782.98,29,29.0,0,4712.23,5759.39,246.07,0.0,10717.69,5782.98,-4934.71,-0.8533,Y,641.7778443113773,346.2862275449102,5240.751493506495,0.1031461604080873,1.099985248297967,0.0
SGL-1105,2026-02-15,Pipeline Bypass,Crude Oil,Bulk Liquid (VLCC),Meridian Energy Partners,Europe,2014,319782.2,23221259.13,2655295.05,16,19.0,3,4395925.06,5372797.3,195058.58,278655.11,10242436.05,2655295.05,-7587141.0,-2.8574,N,32.0294126752521,8.303448565930186,7917486.765429896,57.57866386205549,0.8400000142455668,2.720594091480805
SGL-1165,2026-03-02,Overland Truck,Consumer Goods,Container (TEU),Harborline Consumer Co.,North America,2013,18.0,28501.29,6695.59,3,4.0,1,4355.33,5323.19,256.51,114.01,10049.04,6695.59,-3353.45,-0.5008,Y,558.2800000000001,371.9772222222222,4145.752987012989,0.07379423102572716,0.8999943511328785,1.134536234306959
SGL-1007,2026-01-07,Direct (Pre-Blockade),High-Tech Components,Container (TEU),Atlas Components Inc.,North America,2018,12.3,85868.73,11154.73,9,8.0,0,3764.59,4601.16,343.47,0.0,8709.22,11154.73,2445.51,0.2192,Y,708.0666666666666,906.8886178861787,-1273.04581632653,0.09528753274387475,0.3999942703240167,0.0
SGL-1224,2026-03-18,Overland Truck,Industrial Machinery,Container (TEU),Falcon Heavy Equipment,Middle East,2016,28.4,100004.88,10947.98,3,3.0,0,6572.74,8033.35,1100.05,0.0,15706.14,10947.98,-4758.16,-0.4346,Y,553.0330985915493,385.4922535211268,5127.46095890411,0.2422853887759123,1.099996320179575,0.0
SGL-1147,2026-02-24,Held in Gulf,Consumer Goods,Container (TEU),Solvane Retail Group,Europe,2017,22.7,33107.8,9666.92,10,,26,99.32,3024.0,582.7,5164.82,8870.84,0.0,-8870.84,-0.9176,N,390.7859030837005,425.8555066079296,1426.139155844157,0.070701858740426,1.760008215586659,58.222445675945
SGL-1112,2026-02-16,Overland Truck,Consumer Goods,Container (TEU),Solvane Retail Group,Europe,2017,20.5,29464.19,6527.17,3,3.0,0,4347.96,5314.18,206.25,0.0,9868.39,6527.17,-3341.22,-0.5119,Y,481.3848780487805,318.3985365853658,3145.202012987013,0.070701858740426,0.7000022739467809,0.0
SGL-1107,2026-02-15,Pipeline Bypass,Refined Petrochemicals,Bulk Liquid (Chem Tanker),Pacific Rim Petrochem,East Asia,2019,74168.8,7137932.09,680117.51,16,18.0,2,1579917.8,1931010.64,59958.63,57103.46,3627990.53,680117.51,-2947873.02,-4.3344,Y,48.91531924474981,9.169859968072828,3092176.705316217,8.693207527287862,0.840000006220289,1.573969378580489
SGL-1149,2026-02-25,Overland Truck,High-Tech Components,Container (TEU),Kestrel Semiconductor Supply,East Asia,2021,11.2,80371.59,11056.21,3,4.0,1,2485.79,3038.19,642.97,321.49,6488.44,11056.21,4567.77,0.4131,Y,579.325,987.1616071428572,-2601.102857142856,0.1571025512110723,0.7999966157195597,4.954811942469993
SGL-1232,2026-03-20,Cape of Good Hope,Consumer Goods,Container (TEU),Coral Bay Consumer Brands,South Asia,2019,23.6,33676.42,10607.56,30,30.0,0,7722.19,9438.23,814.97,0.0,17975.39,10607.56,-7367.83,-0.6946,Y,761.6690677966101,449.4728813559321,10235.5248051948,0.1031461604080873,2.420001888561789,0.0
SGL-1066,2026-02-04,Held in Gulf,Consumer Goods,Container (TEU),Solvane Retail Group,Europe,2017,23.1,38812.84,8233.44,10,,46,116.44,2700.0,426.94,10712.34,13955.72,0.0,-13955.72,-1.695,N,604.1437229437229,356.425974025974,6379.834999999999,0.070701858740426,1.099996805180966,76.75949359832384
SGL-1142,2026-02-23,Held in Gulf,Industrial Machinery,Container (TEU),Deccan Industrial Works,South Asia,2012,29.8,100166.97,10804.04,10,,27,300.5,3024.0,1762.94,16227.05,21314.49,0.0,-21314.49,-1.9728,N,715.2513422818793,362.551677852349,10214.32678082192,0.2623189595683266,1.760001325786335,76.13154243896992
SGL-1228,2026-03-19,Overland Truck,Pharmaceuticals,Container (TEU),Vantage Pharma Logistics,North America,2015,8.2,87875.56,12330.82,4,4.0,0,2525.87,3087.17,966.63,0.0,6579.67,12330.82,5751.15,0.4664,Y,802.398780487805,1503.758536585366,-2079.993478260868,0.2132852204645197,1.099998679951513,0.0
SGL-1101,2026-02-13,Cape of Good Hope,Refined Petrochemicals,Bulk Liquid (Chem Tanker),Pacific Rim Petrochem,East Asia,2019,67333.9,7019885.98,503032.27,32,36.0,4,410806.89,502097.31,92662.49,112318.18,1117884.87,503032.27,-614852.6,-1.2223,N,16.6021108238198,7.470713414788094,631448.0597795919,8.693207527287862,1.319999929685468,10.04738350202378
SGL-1151,2026-02-26,Overland Truck,Industrial Machinery,Container (TEU),Deccan Industrial Works,South Asia,2012,25.3,81135.55,12185.57,4,4.0,0,6612.9,8082.43,649.08,0.0,15344.41,12185.57,-3158.84,-0.2592,Y,606.498418972332,481.6430830039525,5920.445924657535,0.2623189595683266,0.7999945769764303,0.0
SGL-1032,2026-01-22,Direct (Pre-Blockade),Consumer Goods,Container (TEU),Solvane Retail Group,Europe,2017,20.0,28494.74,5934.47,12,13.0,1,2283.75,2791.25,113.98,113.98,5302.96,5934.47,631.51,0.1064,Y,265.148,296.7235,-1256.247792207791,0.070701858740426,0.4000036497964186,2.149365637304449
SGL-1119,2026-02-18,Overland Truck,Consumer Goods,Container (TEU),Solvane Retail Group,Europe,2017,23.2,27166.68,8655.84,3,3.0,0,6485.16,7926.3,190.17,0.0,14601.63,8655.84,-5945.79,-0.6869,Y,629.3806034482758,373.096551724138,6992.948961038959,0.070701858740426,0.7000119263745146,0.0
SGL-1120,2026-02-18,Overland Truck,Consumer Goods,Container (TEU),Harborline Consumer Co.,North America,2013,16.4,24830.54,6808.85,4,4.0,0,4373.42,5345.29,173.81,0.0,9892.52,6808.85,-3083.67,-0.4529,Y,603.2024390243903,415.1737804878049,4513.969610389611,0.07379423102572716,0.6999847768111366,0.0
SGL-1227,2026-03-18,Air Bridge,High-Tech Components,Container (TEU),Novastar Electronics,Europe,2022,13.7,162764.53,19085.69,1,1.0,0,34395.5,42038.95,1074.25,0.0,77508.7,19085.69,-58423.01,-3.0611,Y,5657.569343065694,1393.116058394161,66390.24132653062,0.1092021715406442,0.6600025202051085,0.0
SGL-1039,2026-01-26,Direct (Pre-Blockade),Pharmaceuticals,Container (TEU),Vantage Pharma Logistics,North America,2015,10.1,83123.61,11806.78,12,12.0,0,3968.44,4850.31,332.49,0.0,9151.24,11806.78,2655.54,0.2249,Y,906.0633663366336,1168.988118811881,-1514.930869565217,0.2132852204645197,0.399994658557298,0.0
SGL-1160,2026-03-01,Air Bridge,High-Tech Components,Container (TEU),Kestrel Semiconductor Supply,East Asia,2021,11.0,85920.9,9729.05,1,1.0,0,27589.76,33720.82,463.97,0.0,61774.55,9729.05,-52045.5,-5.3495,Y,5615.868181818182,884.4590909090908,52847.32040816327,0.1571025512110723,0.5399966713570273,0.0
SGL-1236,2026-03-21,Air Bridge,High-Tech Components,Container (TEU),Novastar Electronics,Europe,2022,10.4,83550.0,9644.99,1,1.0,0,25924.31,31685.26,551.43,0.0,58161.0,9644.99,-48516.01,-5.0302,Y,5592.403846153846,927.4028846153846,49720.71020408163,0.1092021715406442,0.6599999999999999,0.0
SGL-1051,2026-01-31,Direct (Pre-Blockade),High-Tech Components,Container (TEU),Kestrel Semiconductor Supply,East Asia,2021,10.6,84830.35,10325.08,10,11.0,1,3672.02,4488.02,339.32,339.32,8838.68,10325.08,1486.4,0.144,Y,833.8377358490567,974.0641509433963,236.0769387755118,0.1571025512110723,0.3999983496472665,3.839034788000018
SGL-1085,2026-02-10,Overland Truck,Industrial Machinery,Container (TEU),Falcon Heavy Equipment,Middle East,2016,23.4,78310.34,11496.28,3,3.0,0,6571.37,8031.68,469.86,0.0,15072.91,11496.28,-3576.63,-0.3111,Y,644.141452991453,491.2940170940171,6356.674452054794,0.2422853887759123,0.5999973949800244,0.0
SGL-1180,2026-03-06,Held in Gulf,Crude Oil,Bulk Liquid (VLCC),Meridian Energy Partners,Europe,2014,304081.2,21194750.1,2550400.54,10,,16,63584.25,299824.08,419656.05,2034696.01,2817760.39,0.0,-2817760.39,-1.1048,N,9.26647352746569,8.387235185864828,606963.8904099077,57.57866386205549,1.979999990658064,72.2096888444088
SGL-1198,2026-03-11,Cape of Good Hope,Consumer Goods,Container (TEU),Harborline Consumer Co.,North America,2013,18.3,25597.79,7194.57,34,37.0,3,5214.78,6373.62,563.15,307.17,12458.72,7194.57,-5264.15,-0.7317,N,680.8043715846994,393.1459016393442,6457.04487012987,0.07379423102572716,2.199994608909597,2.465502074049341
SGL-1076,2026-02-07,Overland Truck,Industrial Machinery,Container (TEU),Falcon Heavy Equipment,Middle East,2016,21.8,42937.56,8027.31,3,3.0,0,4414.97,5396.07,214.69,0.0,10025.73,8027.31,-1998.42,-0.249,Y,459.895871559633,368.2252293577982,1905.476369863013,0.2422853887759123,0.5000051237191867,0.0
SGL-1125,2026-02-19,Held in Gulf,Consumer Goods,Container (TEU),Solvane Retail Group,Europe,2017,19.9,19512.32,6065.36,10,,31,58.54,1944.0,300.49,3629.29,5932.32,0.0,-5932.32,-0.9781,N,298.1065326633166,304.791959798995,-594.0917532467523,0.070701858740426,1.540001393991079,61.17825741025433
SGL-1106,2026-02-15,Air Bridge,High-Tech Components,Container (TEU),Kestrel Semiconductor Supply,East Asia,2021,10.8,79209.0,9145.04,1,1.0,0,27065.94,33080.59,332.68,0.0,60479.21,9145.04,-51334.17,-5.6133,Y,5599.926851851851,846.762962962963,51714.29367346939,0.1571025512110723,0.4200027774621571,0.0
SGL-1225,2026-03-18,Held in Gulf,High-Tech Components,Container (TEU),Kestrel Semiconductor Supply,East Asia,2021,10.9,91873.92,9924.51,10,,4,275.62,1116.0,2223.35,2204.97,5819.94,0.0,-5819.94,-0.5864,N,533.9394495412844,910.505504587156,-3026.132959183673,0.1571025512110723,2.42000123647712,37.88647305642326
SGL-1238,2026-03-21,Held in Gulf,High-Tech Components,Container (TEU),Kestrel Semiconductor Supply,East Asia,2021,10.2,84494.59,9630.63,10,,1,253.48,1116.0,2044.77,506.97,3921.22,0.0,-3921.22,-0.4072,N,384.4333333333333,944.1794117647058,-4356.756530612244,0.1571025512110723,2.420001091194123,12.92888437782119
SGL-1009,2026-01-09,Direct (Pre-Blockade),Refined Petrochemicals,Bulk Liquid (Chem Tanker),Baltic Fuel Alliance,Europe,2010,82854.7,8613276.95,729529.57,9,9.0,0,255257.84,311981.81,34453.11,0.0,601692.76,729529.57,127836.81,0.1752,Y,7.262023276893164,8.804926817669969,3129.837315158293,7.051494989525009,0.4000000255419629,0.0
SGL-1041,2026-01-27,Direct (Pre-Blockade),Industrial Machinery,Container (TEU),Deccan Industrial Works,South Asia,2012,21.0,48153.22,9052.29,10,11.0,1,3237.13,3956.49,192.61,192.61,7578.84,9052.29,1473.45,0.1628,Y,360.8971428571429,431.0614285714286,-243.4226712328767,0.2623189595683266,0.3999940190915581,2.541417947865372
SGL-1130,2026-02-20,Held in Gulf,Pharmaceuticals,Container (TEU),Carrow Life Sciences,Europe,2020,8.8,82202.13,12230.03,10,,30,246.61,972.0,1265.91,14796.38,17280.9,0.0,-17280.9,-1.413,N,1963.738636363636,1389.776136363636,7987.602608695653,0.1714280047127706,1.539996591329203,85.62273955638884
SGL-1111,2026-02-16,Air Bridge,Pharmaceuticals,Container (TEU),Carrow Life Sciences,Europe,2020,10.1,85661.3,11741.76,1,1.0,0,25245.55,30855.67,359.78,0.0,56461.0,11741.76,-44719.24,-3.8086,Y,5590.19801980198,1162.550495049505,45794.82913043478,0.1714280047127706,0.4200029651663002,0.0
SGL-1048,2026-01-30,Direct (Pre-Blockade),Consumer Goods,Container (TEU),Coral Bay Consumer Brands,South Asia,2019,23.8,41436.47,10664.84,11,12.0,1,3976.61,4860.3,165.75,165.75,9168.41,10664.84,1496.43,0.1403,Y,385.2273109243697,448.1025210084034,1362.952727272727,0.1031461604080873,0.4000099429319148,1.80783800026395
SGL-1204,2026-03-12,Pipeline Bypass,Refined Petrochemicals,Bulk Liquid (Chem Tanker),Pacific Rim Petrochem,East Asia,2019,64548.2,5688718.02,536450.79,17,20.0,3,1398722.4,1709549.59,68264.62,68264.62,3244801.23,536450.79,-2708350.44,-5.0486,N,50.26943013128174,8.310855918522904,2778489.00817015,8.693207527287862,1.200000066095735,2.103815154187426
SGL-1049,2026-01-31,Direct (Pre-Blockade),Crude Oil,Bulk Liquid (VLCC),Meridian Energy Partners,Europe,2014,276280.1,20841544.97,2238174.81,11,12.0,1,815001.76,996113.27,83366.18,83366.18,1977847.39,2238174.81,260327.42,0.1163,Y,7.158848538132135,8.101107571627491,-30823.57678913606,57.57866386205549,0.400000000575773,4.214995576579849
SGL-1019,2026-01-13,Direct (Pre-Blockade),Refined Petrochemicals,Bulk Liquid (Chem Tanker),Baltic Fuel Alliance,Europe,2010,48076.0,5219075.4,424588.44,11,11.0,0,149497.31,182718.93,20876.3,0.0,353092.54,424588.44,71495.9,0.1684,Y,7.344465845744238,8.831609118895082,5779.580433476288,7.051494989525009,0.3999999693432289,0.0
SGL-1044,2026-01-29,Direct (Pre-Blockade),Crude Oil,Bulk Liquid (VLCC),Meridian Energy Partners,Europe,2014,234804.4,16586719.2,1979726.66,9,10.0,1,720282.57,880345.37,66346.88,66346.88,1733321.7,1979726.66,246404.96,0.1245,Y,7.381981342768705,8.431386549826152,26196.28215650335,57.57866386205549,0.4000000192925434,3.82773030534378
SGL-1018,2026-01-13,Direct (Pre-Blockade),High-Tech Components,Container (TEU),Novastar Electronics,Europe,2022,9.5,94246.84,9800.5,10,11.0,1,3527.14,4310.95,376.99,376.99,8592.07,9800.5,1208.43,0.1233,Y,904.4284210526315,1031.631578947368,882.1898979591837,0.1092021715406442,0.4000028011549247,4.387650473052478
SGL-1167,2026-03-02,Air Bridge,High-Tech Components,Container (TEU),Novastar Electronics,Europe,2022,13.6,189259.48,23209.33,1,1.0,0,34172.72,41766.66,1022.0,0.0,76961.38,23209.33,-53752.05,-2.316,Y,5658.925,1706.568382352941,65924.07795918368,0.1092021715406442,0.5399993701768597,0.0
SGL-1091,2026-02-11,Pipeline Bypass,Crude Oil,Bulk Liquid (VLCC),Zenith Crude Traders,East Asia,2011,312560.4,22302740.52,2428187.63,14,15.0,1,4245292.17,5188690.43,160579.73,89210.96,9683773.29,2428187.63,-7255585.66,-2.9881,Y,30.98208631035793,7.768698881880109,7411329.488046839,19.77634304870126,0.7199999921803333,0.9212417239478767
SGL-1118,2026-02-18,Held in Gulf,Refined Petrochemicals,Bulk Liquid (Chem Tanker),Baltic Fuel Alliance,Europe,2010,40768.4,4038460.26,301325.27,10,,32,12115.38,37425.44,62192.29,775384.37,887117.48,0.0,-887117.48,-2.9441,N,21.75992876835981,7.391147800747638,592596.4370515046,7.051494989525009,1.540000049424778,87.40492521914909
SGL-1020,2026-01-13,Direct (Pre-Blockade),High-Tech Components,Container (TEU),Atlas Components Inc.,North America,2018,11.9,89697.24,9401.39,11,12.0,1,3293.2,4025.02,358.79,358.79,8035.8,9401.39,1365.59,0.1453,Y,675.2773109243698,790.0327731092436,-1621.839285714285,0.09528753274387475,0.4000011594559654,4.464894596679859
SGL-1079,2026-02-08,Cape of Good Hope,Crude Oil,Bulk Liquid (VLCC),Meridian Energy Partners,Europe,2014,275327.0,19098041.61,2271452.14,33,34.0,1,1621976.31,1982415.49,252094.15,76392.17,3932878.12,2271452.14,-1661425.98,-0.7314,Y,14.28438954406942,8.250015944676694,1931136.585690607,57.57866386205549,1.320000003916632,1.942398611630507
SGL-1231,2026-03-19,Overland Truck,Consumer Goods,Container (TEU),Coral Bay Consumer Brands,South Asia,2019,18.3,25655.24,6669.31,4,4.0,0,4356.91,5325.11,282.21,0.0,9964.23,6669.31,-3294.92,-0.494,Y,544.4934426229507,364.4431693989071,3962.554870129869,0.1031461604080873,1.100009198900497,0.0
SGL-1214,2026-03-16,Held in Gulf,Crude Oil,Bulk Liquid (VLCC),Meridian Energy Partners,Europe,2014,257158.8,19609339.83,2034784.77,10,,6,58828.02,271045.42,474546.02,705936.23,1510355.69,0.0,-1510355.69,-0.7423,N,5.873241320149262,7.912561304532453,-359295.4915883015,57.57866386205549,2.419999980182913,46.73973387023821
SGL-1073,2026-02-07,Air Bridge,Pharmaceuticals,Container (TEU),Vantage Pharma Logistics,North America,2015,8.9,80794.62,12854.86,1,1.0,0,22366.31,27336.61,242.38,0.0,49945.3,12854.86,-37090.44,-2.8853,Y,5611.831460674158,1444.366292134831,40546.39695652175,0.2132852204645197,0.2999952224541684,0.0
SGL-1069,2026-02-05,Pipeline Bypass,Crude Oil,Bulk Liquid (VLCC),Meridian Energy Partners,Europe,2014,297066.9,21192818.23,2520367.35,18,20.0,2,4070175.05,4974658.39,127156.91,169542.55,9341532.9,2520367.35,-6821165.55,-2.7064,Y,31.44588946126277,8.484174271855935,7181733.271926709,57.57866386205549,0.6000000029255194,1.814932857539901
SGL-1137,2026-02-22,Overland Truck,Pharmaceuticals,Container (TEU),Vantage Pharma Logistics,North America,2015,10.7,75223.37,11484.16,3,3.0,0,2497.72,3052.77,601.79,0.0,6152.28,11484.16,5331.88,0.4643,Y,574.9794392523364,1073.285981308411,-5147.524782608695,0.2132852204645197,0.8000040412972723,0.0
SGL-1132,2026-02-21,Air Bridge,High-Tech Components,Container (TEU),Kestrel Semiconductor Supply,East Asia,2021,13.8,162423.9,20376.9,1,1.0,0,34712.69,42426.62,682.18,0.0,77821.49,20376.9,-57444.59,-2.8191,Y,5639.238405797101,1476.586956521739,66621.87469387756,0.1571025512110723,0.4199997660442829,0.0
SGL-1002,2026-01-06,Direct (Pre-Blockade),Consumer Goods,Container (TEU),Coral Bay Consumer Brands,South Asia,2019,15.3,23404.63,6600.56,12,12.0,0,2393.6,2925.51,93.62,0.0,5412.73,6600.56,1187.83,0.18,Y,353.773202614379,431.4091503267974,394.9360389610385,0.1031461604080873,0.4000063235351295,0.0
SGL-1188,2026-03-08,Pipeline Bypass,Refined Petrochemicals,Bulk Liquid (Chem Tanker),Pacific Rim Petrochem,East Asia,2019,76569.2,6859519.5,558327.15,16,19.0,3,1666211.25,2036480.41,82314.23,82314.23,3867320.12,558327.15,-3308992.97,-5.9266,N,50.50751633816208,7.291798138154768,3314165.209781989,8.693207527287862,1.199999941686878,2.128456591279027
SGL-1179,2026-03-05,Held in Gulf,High-Tech Components,Container (TEU),Novastar Electronics,Europe,2022,9.2,89740.64,10398.88,10,,17,269.22,1044.0,1776.86,9153.55,12243.63,0.0,-12243.63,-1.1774,N,1330.829347826087,1130.313043478261,4777.219795918367,0.1092021715406442,1.979994793886025,74.7617332441441
SGL-1237,2026-03-21,Overland Truck,Consumer Goods,Container (TEU),Coral Bay Consumer Brands,South Asia,2019,14.7,23773.48,7176.27,4,4.0,0,4365.75,5335.91,261.51,0.0,9963.17,7176.27,-2786.9,-0.3883,Y,677.7666666666667,488.1816326530613,5142.152272727272,0.1031461604080873,1.100007234952561,0.0
SGL-1182,2026-03-07,Cape of Good Hope,Consumer Goods,Container (TEU),Harborline Consumer Co.,North America,2013,17.7,20630.27,6722.77,28,31.0,3,4803.83,5871.35,408.48,247.56,11331.22,6722.77,-4608.45,-0.6855,N,640.1819209039548,379.8175141242938,5526.321103896104,0.07379423102572716,1.980003170099083,2.184760334721239
SGL-1134,2026-02-21,Cape of Good Hope,Consumer Goods,Container (TEU),Harborline Consumer Co.,North America,2013,21.4,26773.63,7066.28,30,30.0,0,5609.56,6856.12,412.31,0.0,12877.99,7066.28,-5811.71,-0.8225,Y,601.7752336448599,330.2,5859.637662337664,0.07379423102572716,1.539985425958303,0.0
SGL-1202,2026-03-11,Held in Gulf,Consumer Goods,Container (TEU),Harborline Consumer Co.,North America,2013,17.9,29086.8,6378.32,10,,11,87.26,2160.0,639.91,1919.73,4806.9,0.0,-4806.9,-0.7536,N,268.5418994413408,356.3307262569833,-1063.590974025974,0.07379423102572716,2.200001375194246,39.93696561193285
SGL-1169,2026-03-03,Overland Truck,Pharmaceuticals,Container (TEU),Carrow Life Sciences,Europe,2020,7.4,70187.4,11743.73,4,5.0,1,2518.45,3078.11,631.69,280.75,6509.0,11743.73,5234.73,0.4457,Y,879.5945945945946,1586.99054054054,-1305.818260869565,0.1714280047127706,0.9000048441743106,4.313258565063758
SGL-1222,2026-03-17,Held in Gulf,Refined Petrochemicals,Bulk Liquid (Chem Tanker),Pacific Rim Petrochem,East Asia,2019,93700.0,8777126.0,685894.13,10,,5,26331.38,98759.78,212406.45,263313.78,600811.39,0.0,-600811.39,-0.876,N,6.412074599786553,7.320108110992529,-76100.67238836981,8.693207527287862,2.420000009114601,43.8263628790393
SGL-1211,2026-03-14,Overland Truck,Pharmaceuticals,Container (TEU),Vantage Pharma Logistics,North America,2015,8.6,69143.83,11415.12,3,3.0,0,2496.92,3051.79,691.44,0.0,6240.15,11415.12,5174.97,0.4533,Y,725.5988372093024,1327.339534883721,-2841.936086956521,0.2132852204645197,1.000002458643092,0.0
SGL-1241,2026-03-22,Overland Truck,Pharmaceuticals,Container (TEU),Carrow Life Sciences,Europe,2020,10.3,87971.91,14103.86,4,5.0,1,2565.09,3135.11,1055.66,351.89,7107.75,14103.86,6996.11,0.496,Y,690.0728155339806,1369.306796116505,-3769.632173913044,0.1714280047127706,1.199996680758665,4.950793148324013
SGL-1008,2026-01-08,Direct (Pre-Blockade),Consumer Goods,Container (TEU),Coral Bay Consumer Brands,South Asia,2019,22.0,22649.74,6304.41,11,10.0,0,2341.65,2862.01,90.6,0.0,5294.26,6304.41,1010.15,0.1602,Y,240.6481818181818,286.5640909090909,-1920.868571428571,0.1031461604080873,0.4000045916641868,0.0
SGL-1143,2026-02-24,Pipeline Bypass,Refined Petrochemicals,Bulk Liquid (Chem Tanker),Nordholm Refining Group,Europe,2016,43527.7,4714016.2,368287.28,16,16.0,0,1080979.22,1321196.82,45254.56,0.0,2447430.6,368287.28,-2079143.32,-5.6454,Y,56.22696811455695,8.460986452305086,2132975.688815131,5.401738493239028,0.9600000950357361,0.0
SGL-1045,2026-01-29,Direct (Pre-Blockade),Refined Petrochemicals,Bulk Liquid (Chem Tanker),Baltic Fuel Alliance,Europe,2010,87875.3,9528067.15,644274.93,11,12.0,1,239326.27,292509.88,38112.27,38112.27,608060.69,644274.93,36214.24,0.0562,Y,6.919585935979734,7.331695368323067,-26772.29352184337,7.051494989525009,0.4000000146934312,6.26783981052944
SGL-1028,2026-01-19,Direct (Pre-Blockade),Industrial Machinery,Container (TEU),Falcon Heavy Equipment,Middle East,2016,24.2,72982.64,13280.69,10,10.0,0,5060.93,6185.58,291.93,0.0,11538.44,13280.69,1742.25,0.1312,Y,476.7950413223141,548.7888429752066,2524.213493150686,0.2422853887759123,0.3999992326942407,0.0
SGL-1186,2026-03-07,Overland Truck,High-Tech Components,Container (TEU),Atlas Components Inc.,North America,2018,9.2,88828.05,9721.02,3,3.0,0,2433.47,2974.24,799.45,0.0,6207.16,9721.02,3513.86,0.3615,Y,674.6913043478261,1056.632608695652,-1259.250204081632,0.09528753274387475,0.8999972418622271,0.0
SGL-1139,2026-02-22,Held in Gulf,Crude Oil,Bulk Liquid (VLCC),Zenith Crude Traders,East Asia,2011,309293.2,20105929.17,2339927.61,10,,28,60317.79,294447.17,353864.35,3377796.1,4086425.41,0.0,-4086425.41,-1.7464,N,13.21214113339705,7.565402698798421,1837735.50774028,19.77634304870126,1.759999983129354,82.65894421403375
SGL-1108,2026-02-15,Cape of Good Hope,Industrial Machinery,Container (TEU),Deccan Industrial Works,South Asia,2012,28.8,72168.79,13675.7,29,33.0,4,8958.8,10949.64,1111.4,1154.7,22174.54,13675.7,-8498.84,-0.6215,N,769.9493055555556,474.8506944444445,11446.86547945206,0.2623189595683266,1.540000878496093,5.207323353720077
SGL-1090,2026-02-11,Held in Gulf,Industrial Machinery,Container (TEU),Deccan Industrial Works,South Asia,2012,22.1,54969.24,8043.97,10,,39,164.91,1872.0,725.59,12862.8,15625.3,0.0,-15625.3,-1.9425,N,707.0271493212668,363.9805429864253,7393.299760273971,0.2623189595683266,1.319992781417389,82.32033944948257
SGL-1216,2026-03-16,Cape of Good Hope,Industrial Machinery,Container (TEU),Falcon Heavy Equipment,Middle East,2016,22.8,80355.63,11695.19,29,30.0,1,7394.94,9038.25,1944.61,321.42,18699.22,11695.19,-7004.03,-0.5989,Y,820.1412280701754,512.9469298245614,10206.47767123288,0.2422853887759123,2.420004671732397,1.718895226645817
SGL-1156,2026-02-28,Pipeline Bypass,Refined Petrochemicals,Bulk Liquid (Chem Tanker),Pacific Rim Petrochem,East Asia,2019,72182.6,7171114.94,560389.35,18,18.0,0,1613851.31,1972484.93,68842.7,0.0,3655178.94,560389.35,-3094789.59,-5.5226,Y,50.63795069725945,7.763496327369753,3133713.917219266,8.693207527287862,0.9599999522528919,0.0
SGL-1024,2026-01-16,Direct (Pre-Blockade),Pharmaceuticals,Container (TEU),Vantage Pharma Logistics,North America,2015,7.3,71957.66,12349.03,10,9.0,0,4201.74,5135.47,287.83,0.0,9625.04,12349.03,2723.99,0.2206,Y,1318.498630136987,1691.64794520548,1915.82739130435,0.2132852204645197,0.3999991105880875,0.0
SGL-1097,2026-02-13,Held in Gulf,High-Tech Components,Container (TEU),Novastar Electronics,Europe,2022,11.3,95602.51,10499.42,10,,37,286.81,936.0,1261.95,21223.76,23708.52,0.0,-23708.52,-2.2581,N,2098.099115044248,929.1522123893805,14537.82051020408,0.1092021715406442,1.319996723935386,89.51954824679059
SGL-1080,2026-02-08,Air Bridge,High-Tech Components,Container (TEU),Atlas Components Inc.,North America,2018,13.2,79000.22,9652.91,1,1.0,0,32968.01,40294.23,284.4,0.0,73546.64,9652.91,-63893.73,-6.6191,Y,5571.715151515152,731.2810606060606,62833.96448979592,0.09528753274387475,0.3599989974711463,0.0
SGL-1229,2026-03-19,Held in Gulf,Industrial Machinery,Container (TEU),Deccan Industrial Works,South Asia,2012,25.1,71890.74,11672.59,10,,3,215.67,3348.0,1739.76,1294.03,6597.46,0.0,-6597.46,-0.5652,N,262.8470119521912,465.0434262948207,-2752.006335616439,0.2623189595683266,2.420005691970899,19.61406359417109
SGL-1193,2026-03-09,Cape of Good Hope,Crude Oil,Bulk Liquid (VLCC),Meridian Energy Partners,Europe,2014,240379.4,17103532.89,1914279.4,34,37.0,3,1501871.12,1835620.26,376277.72,205242.39,3919011.49,1914279.4,-2004732.09,-1.0473,N,16.30344151786717,7.963575081724973,2171353.508863493,57.57866386205549,2.199999979068652,5.237095898384315
SGL-1115,2026-02-17,Pipeline Bypass,Refined Petrochemicals,Bulk Liquid (Chem Tanker),Pacific Rim Petrochem,East Asia,2019,61746.7,5436174.96,491303.33,14,14.0,0,1302903.89,1592438.09,45663.87,0.0,2941005.85,491303.33,-2449702.52,-4.9861,Y,47.63017051923423,7.956754450035387,2494932.359683288,8.693207527287862,0.8400000061808166,0.0
SGL-1172,2026-03-04,Held in Gulf,Industrial Machinery,Container (TEU),Falcon Heavy Equipment,Middle East,2016,29.8,65715.98,12999.08,10,,18,197.15,3132.0,1301.18,7097.33,11727.66,0.0,-11727.66,-0.9022,N,393.5456375838926,436.2107382550336,627.496780821917,0.2422853887759123,1.98000547203283,60.51786971996118
SGL-1071,2026-02-06,Held in Gulf,Industrial Machinery,Container (TEU),Deccan Industrial Works,South Asia,2012,20.1,44384.75,8052.29,10,,44,133.15,1800.0,488.23,11717.57,14138.95,0.0,-14138.95,-1.7559,N,703.4303482587064,400.6114427860696,6651.927157534246,0.2623189595683266,1.099994930691285,82.87440014994041
SGL-1068,2026-02-04,Held in Gulf,Industrial Machinery,Container (TEU),Deccan Industrial Works,South Asia,2012,26.4,95681.23,10779.5,10,,46,287.04,2700.0,1052.49,26408.02,30447.55,0.0,-30447.55,-2.8246,N,1153.316287878788,408.3143939393939,20613.84835616439,0.2623189595683266,1.099996310666157,86.73282415169695
SGL-1146,2026-02-24,Overland Truck,High-Tech Components,Container (TEU),Atlas Components Inc.,North America,2018,13.2,81230.86,9842.94,3,4.0,1,2447.81,2991.77,649.85,324.92,6414.35,9842.94,3428.59,0.3483,Y,485.9356060606061,745.6772727272728,-4298.325510204079,0.09528753274387475,0.8000038409047991,5.065517160741151
SGL-1153,2026-02-27,Overland Truck,Industrial Machinery,Container (TEU),Deccan Industrial Works,South Asia,2012,27.5,87285.64,12934.95,4,4.0,0,6663.86,8144.71,698.29,0.0,15506.86,12934.95,-2571.91,-0.1988,Y,563.8858181818182,470.3618181818182,5263.420787671233,0.2623189595683266,0.8000055908394553,0.0
SGL-1243,2026-03-22,Held in Gulf,Consumer Goods,Container (TEU),Harborline Consumer Co.,North America,2013,22.4,19303.89,7277.03,10,,0,57.91,2304.0,509.62,0.0,2871.53,0.0,-2871.53,-0.3946,N,128.1933035714286,324.8674107142857,-4474.782727272726,0.07379423102572716,2.639986033903011,0.0
SGL-1242,2026-03-22,Cape of Good Hope,Consumer Goods,Container (TEU),Harborline Consumer Co.,North America,2013,14.8,18189.67,6506.1,30,32.0,2,5054.26,6177.43,480.21,145.52,11857.42,6506.1,-5351.32,-0.8225,Y,801.177027027027,439.6013513513514,7003.606233766233,0.07379423102572716,2.640014909561306,1.227248423350105
SGL-1213,2026-03-15,Cape of Good Hope,Industrial Machinery,Container (TEU),Falcon Heavy Equipment,Middle East,2016,23.1,79811.98,11118.21,29,33.0,4,8611.88,10525.63,1931.45,1276.99,22345.95,11118.21,-11227.74,-1.0099,N,967.3571428571428,481.3077922077921,13741.46106164383,0.2422853887759123,2.420000105247357,5.714637328016933
SGL-1038,2026-01-25,Direct (Pre-Blockade),Industrial Machinery,Container (TEU),Deccan Industrial Works,South Asia,2012,29.2,94370.08,12696.28,11,12.0,1,4554.77,5566.94,377.48,377.48,10876.67,12696.28,1819.61,0.1433,Y,372.488698630137,434.8041095890411,0.0,0.2623189595683266,0.3999996609094748,3.470547511324698
SGL-1075,2026-02-07,Pipeline Bypass,Crude Oil,Bulk Liquid (VLCC),Meridian Energy Partners,Europe,2014,268511.3,19063704.33,2159995.67,17,20.0,3,3785864.85,4627168.15,114382.23,228764.45,8756179.68,2159995.67,-6596184.01,-3.0538,N,32.61009752662179,8.044338059515558,6803991.112800235,57.57866386205549,0.6000000210871924,2.612605706601946
SGL-1141,2026-02-23,Cape of Good Hope,Refined Petrochemicals,Bulk Liquid (Chem Tanker),Pacific Rim Petrochem,East Asia,2019,66243.9,6005445.01,540430.29,29,30.0,1,423616.19,517753.13,105695.83,24021.78,1071086.93,540430.29,-530656.64,-0.9819,Y,16.16883864023706,8.158189508769865,592524.5503879515,8.693207527287862,1.759999963766216,2.242747934567739
SGL-1035,2026-01-24,Direct (Pre-Blockade),Crude Oil,Bulk Liquid (VLCC),Meridian Energy Partners,Europe,2014,296508.6,18489989.04,2380642.66,9,9.0,0,820387.91,1002696.33,73959.96,0.0,1897044.2,2380642.66,483598.46,0.2031,Y,6.397939891119516,8.02891605842124,-258696.3554120374,57.57866386205549,0.4000000207679951,0.0
SGL-1133,2026-02-21,Held in Gulf,Industrial Machinery,Container (TEU),Falcon Heavy Equipment,Middle East,2016,20.5,54214.82,8925.64,10,,29,162.64,1944.0,834.91,9433.38,12374.93,0.0,-12374.93,-1.3864,N,603.6551219512195,435.3970731707317,4738.911678082191,0.2422853887759123,1.540003268478988,76.22976453200138
SGL-1126,2026-02-19,Cape of Good Hope,Crude Oil,Bulk Liquid (VLCC),Meridian Energy Partners,Europe,2014,275656.3,21460381.24,2181862.33,27,29.0,2,1581571.65,1933032.02,330489.87,171683.05,4016776.59,2181862.33,-1834914.26,-0.841,Y,14.57168434024544,7.915154959273559,2012640.908050717,57.57866386205549,1.539999994892915,4.274149835154263
SGL-1046,2026-01-29,Direct (Pre-Blockade),Refined Petrochemicals,Bulk Liquid (Chem Tanker),Nordholm Refining Group,Europe,2016,70560.3,6914221.03,527745.08,9,10.0,1,192389.41,235142.61,27656.88,27656.88,482845.78,527745.08,44899.3,0.0851,Y,6.84302334315472,7.479348585536059,-26899.34482115361,5.401738493239028,0.3999999404126657,5.727891004867019
SGL-1161,2026-03-01,Pipeline Bypass,Crude Oil,Bulk Liquid (VLCC),Meridian Energy Partners,europe,2014,289661.9,17482773.0,2246460.49,14,17.0,3,4217140.39,5154282.7,188813.95,209793.28,9770030.32,2246460.49,-7523569.83,-3.3491,N,33.72908318284179,7.755457276224454,7664068.114560745,57.57866386205549,1.080000009151866,2.147314523380107
SGL-1177,2026-03-05,Held in Gulf,Consumer Goods,Container (TEU),Coral Bay Consumer Brands,South Asia,2019,18.9,28716.37,6177.14,10,,17,86.15,2088.0,568.58,2929.07,5671.8,0.0,-5671.8,-0.9182,N,300.0952380952381,326.8328042328043,-526.6513636363627,0.1031461604080873,1.979985631888711,51.64268838816601
SGL-1093,2026-02-12,Held in Gulf,Refined Petrochemicals,Bulk Liquid (Chem Tanker),Baltic Fuel Alliance,Europe,2010,74124.9,8269619.07,625378.61,10,,38,24808.86,65526.39,109158.97,1885473.15,2084967.37,0.0,-2084967.37,-3.3339,N,28.12775963272801,8.436822309372424,1549470.68981503,7.051494989525009,1.319999979152607,90.43178215302237
SGL-1110,2026-02-16,Cape of Good Hope,Refined Petrochemicals,Bulk Liquid (Chem Tanker),Nordholm Refining Group,Europe,2016,70004.9,7491040.89,603624.84,33,35.0,2,470418.69,574956.18,115362.03,59928.33,1220665.23,603624.84,-617040.39,-1.0222,Y,17.4368541344963,8.622608417410781,714932.4526649776,5.401738493239028,1.540000003924688,4.909481201492075
SGL-1025,2026-01-17,Direct (Pre-Blockade),Consumer Goods,Container (TEU),Solvane Retail Group,Europe,2017,15.4,24648.43,5993.56,12,11.0,0,2228.4,2723.6,98.59,0.0,5050.59,5993.56,942.97,0.1573,Y,327.9603896103896,389.1922077922078,0.0,0.070701858740426,0.3999849077608594,0.0
SGL-1083,2026-02-09,Held in Gulf,Consumer Goods,Container (TEU),Coral Bay Consumer Brands,South Asia,2019,21.1,22654.1,5577.62,10,,41,67.96,1872.0,299.03,5572.91,7811.9,0.0,-7811.9,-1.4006,N,370.2322274881516,264.3421800947867,891.9357792207791,0.1031461604080873,1.319981813446573,71.33872681421933
SGL-1072,2026-02-06,Held in Gulf,Pharmaceuticals,Container (TEU),Vantage Pharma Logistics,North America,2015,9.9,79273.8,12278.52,10,,44,237.82,900.0,872.01,20928.28,22938.11,0.0,-22938.11,-1.8681,N,2316.980808080808,1240.254545454545,12483.15043478261,0.2132852204645197,1.099997729388524,91.23803138096382
SGL-1162,2026-03-01,Overland Truck,Industrial Machinery,Container (TEU),Falcon Heavy Equipment,Middle East,2016,26.0,68045.15,11379.76,3,3.0,0,6596.66,8062.58,612.41,0.0,15271.65,11379.76,-3891.89,-0.342,Y,587.3711538461538,437.683076923077,5586.943835616437,0.2422853887759123,0.9000053640854639,0.0
SGL-1077,2026-02-08,Overland Truck,High-Tech Components,Container (TEU),Kestrel Semiconductor Supply,East Asia,2021,12.5,89663.07,10310.46,4,4.0,0,2437.71,2979.42,537.98,0.0,5955.11,10310.46,4355.35,0.4224,Y,476.4088,824.8367999999999,-4189.469081632652,0.1571025512110723,0.600001762152467,0.0
SGL-1014,2026-01-11,Direct (Pre-Blockade),High-Tech Components,Container (TEU),Kestrel Semiconductor Supply,East Asia,2021,9.8,78408.82,9797.3,12,13.0,1,3296.73,4029.34,313.64,313.64,7953.35,9797.3,1843.95,0.1882,Y,811.5663265306122,999.7244897959182,0.0,0.1571025512110723,0.4000060197309435,3.943495508182086
SGL-1184,2026-03-07,Held in Gulf,Industrial Machinery,Container (TEU),Deccan Industrial Works,South Asia,2012,28.5,101048.23,11232.48,10,,15,303.14,3132.0,2000.75,9094.34,14530.23,0.0,-14530.23,-1.2936,N,509.8326315789474,394.1221052631579,3914.302089041096,0.2623189595683266,1.979995097390622,62.58909872727411
SGL-1082,2026-02-09,Pipeline Bypass,Refined Petrochemicals,Bulk Liquid (Chem Tanker),Pacific Rim Petrochem,East Asia,2019,44821.3,4336825.7,414362.08,18,19.0,1,1158522.52,1415971.97,31225.15,17347.3,2623066.94,414362.08,-2208704.86,-5.3304,Y,58.52277689402136,9.244758184166903,2299266.741260109,8.693207527287862,0.7200001143693646,0.6613365345529458
SGL-1092,2026-02-11,Air Bridge,Pharmaceuticals,Container (TEU),Carrow Life Sciences,Europe,2020,8.2,71380.84,10895.09,1,1.0,0,20699.44,25299.32,256.97,0.0,46255.73,10895.09,-35360.64,-3.2456,Y,5640.94268292683,1328.669512195122,37596.06652173914,0.1714280047127706,0.3599985654413706,0.0
SGL-1192,2026-03-09,Pipeline Bypass,Crude Oil,Bulk Liquid (VLCC),Zenith Crude Traders,East Asia,2011,253832.6,18019257.48,2062029.07,14,17.0,3,3730784.53,4559847.76,216231.09,216231.09,8723094.47,2062029.07,-6661065.4,-3.2303,N,34.36554039946012,8.123578571074008,6877626.142586624,19.77634304870126,1.200000001331908,2.478834669779748
SGL-1154,2026-02-27,Cape of Good Hope,Industrial Machinery,Container (TEU),Falcon Heavy Equipment,Middle East,2016,25.7,63090.04,13592.48,34,34.0,0,8835.22,10798.61,1110.38,0.0,20744.21,13592.48,-7151.73,-0.5262,Y,807.1677042801556,528.8902723735408,11171.25044520548,0.2422853887759123,1.759992543989511,0.0
